Iteration No,Type,Input 1,Input 2,weight1,weight2,bias, Desired output, Predicted Output, Error
1 ,Pre Correction, 1 , 1 , 0.030845896394887995 , 0.6873413822999683 , 0.2300729373533783 , 1 , 0.9482602160482346
1 ,Post Correction, 1 , 1 , 0.030845896394887995 , 0.6873413822999683 , 0.2300729373533783 , 1 , 1 , 0
1 ,Pre Correction, 1 , 0 , 0.030845896394887995 , 0.6873413822999683 , 0.2300729373533783 , 0 , 0.2609188337482663
1 ,Post Correction, 1 , 0 , -0.969154103605112 , 0.6873413822999683 , -0.7699270626466217 , 0 , 1 , -1
1 ,Pre Correction, 0 , 1 , -0.969154103605112 , 0.6873413822999683 , -0.7699270626466217 , 0 , -0.08258568034665337
1 ,Post Correction, 0 , 1 , -0.969154103605112 , 0.6873413822999683 , -0.7699270626466217 , 0 , 0 , 0
1 ,Pre Correction, 0 , 0 , -0.969154103605112 , 0.6873413822999683 , -0.7699270626466217 , 0 , -0.7699270626466217
1 ,Post Correction, 0 , 0 , -0.969154103605112 , 0.6873413822999683 , -0.7699270626466217 , 0 , 0 , 0
2 ,Pre Correction, 1 , 1 , -0.969154103605112 , 0.6873413822999683 , -0.7699270626466217 , 1 , -1.0517397839517653
2 ,Post Correction, 1 , 1 , 0.030845896394887995 , 1.6873413822999683 , 0.2300729373533783 , 1 , 0 , 1
2 ,Pre Correction, 1 , 0 , 0.030845896394887995 , 1.6873413822999683 , 0.2300729373533783 , 0 , 0.2609188337482663
2 ,Post Correction, 1 , 0 , -0.969154103605112 , 1.6873413822999683 , -0.7699270626466217 , 0 , 1 , -1
2 ,Pre Correction, 0 , 1 , -0.969154103605112 , 1.6873413822999683 , -0.7699270626466217 , 0 , 0.9174143196533466
2 ,Post Correction, 0 , 1 , -0.969154103605112 , 0.6873413822999683 , -1.7699270626466217 , 0 , 1 , -1
2 ,Pre Correction, 0 , 0 , -0.969154103605112 , 0.6873413822999683 , -1.7699270626466217 , 0 , -1.7699270626466217
2 ,Post Correction, 0 , 0 , -0.969154103605112 , 0.6873413822999683 , -1.7699270626466217 , 0 , 0 , 0
3 ,Pre Correction, 1 , 1 , -0.969154103605112 , 0.6873413822999683 , -1.7699270626466217 , 1 , -2.0517397839517653
3 ,Post Correction, 1 , 1 , 0.030845896394887995 , 1.6873413822999683 , -0.7699270626466217 , 1 , 0 , 1
3 ,Pre Correction, 1 , 0 , 0.030845896394887995 , 1.6873413822999683 , -0.7699270626466217 , 0 , -0.7390811662517337
3 ,Post Correction, 1 , 0 , 0.030845896394887995 , 1.6873413822999683 , -0.7699270626466217 , 0 , 0 , 0
3 ,Pre Correction, 0 , 1 , 0.030845896394887995 , 1.6873413822999683 , -0.7699270626466217 , 0 , 0.9174143196533466
3 ,Post Correction, 0 , 1 , 0.030845896394887995 , 0.6873413822999683 , -1.7699270626466217 , 0 , 1 , -1
3 ,Pre Correction, 0 , 0 , 0.030845896394887995 , 0.6873413822999683 , -1.7699270626466217 , 0 , -1.7699270626466217
3 ,Post Correction, 0 , 0 , 0.030845896394887995 , 0.6873413822999683 , -1.7699270626466217 , 0 , 0 , 0
4 ,Pre Correction, 1 , 1 , 0.030845896394887995 , 0.6873413822999683 , -1.7699270626466217 , 1 , -1.0517397839517653
4 ,Post Correction, 1 , 1 , 1.0308458963948879 , 1.6873413822999683 , -0.7699270626466217 , 1 , 0 , 1
4 ,Pre Correction, 1 , 0 , 1.0308458963948879 , 1.6873413822999683 , -0.7699270626466217 , 0 , 0.2609188337482662
4 ,Post Correction, 1 , 0 , 0.030845896394887884 , 1.6873413822999683 , -1.7699270626466217 , 0 , 1 , -1
4 ,Pre Correction, 0 , 1 , 0.030845896394887884 , 1.6873413822999683 , -1.7699270626466217 , 0 , -0.08258568034665337
4 ,Post Correction, 0 , 1 , 0.030845896394887884 , 1.6873413822999683 , -1.7699270626466217 , 0 , 0 , 0
4 ,Pre Correction, 0 , 0 , 0.030845896394887884 , 1.6873413822999683 , -1.7699270626466217 , 0 , -1.7699270626466217
4 ,Post Correction, 0 , 0 , 0.030845896394887884 , 1.6873413822999683 , -1.7699270626466217 , 0 , 0 , 0
5 ,Pre Correction, 1 , 1 , 0.030845896394887884 , 1.6873413822999683 , -1.7699270626466217 , 1 , -0.05173978395176548
5 ,Post Correction, 1 , 1 , 1.0308458963948879 , 2.6873413822999686 , -0.7699270626466217 , 1 , 0 , 1
5 ,Pre Correction, 1 , 0 , 1.0308458963948879 , 2.6873413822999686 , -0.7699270626466217 , 0 , 0.2609188337482662
5 ,Post Correction, 1 , 0 , 0.030845896394887884 , 2.6873413822999686 , -1.7699270626466217 , 0 , 1 , -1
5 ,Pre Correction, 0 , 1 , 0.030845896394887884 , 2.6873413822999686 , -1.7699270626466217 , 0 , 0.9174143196533469
5 ,Post Correction, 0 , 1 , 0.030845896394887884 , 1.6873413822999686 , -2.7699270626466217 , 0 , 1 , -1
5 ,Pre Correction, 0 , 0 , 0.030845896394887884 , 1.6873413822999686 , -2.7699270626466217 , 0 , -2.7699270626466217
5 ,Post Correction, 0 , 0 , 0.030845896394887884 , 1.6873413822999686 , -2.7699270626466217 , 0 , 0 , 0
6 ,Pre Correction, 1 , 1 , 0.030845896394887884 , 1.6873413822999686 , -2.7699270626466217 , 1 , -1.0517397839517653
6 ,Post Correction, 1 , 1 , 1.0308458963948879 , 2.6873413822999686 , -1.7699270626466217 , 1 , 0 , 1
6 ,Pre Correction, 1 , 0 , 1.0308458963948879 , 2.6873413822999686 , -1.7699270626466217 , 0 , -0.7390811662517338
6 ,Post Correction, 1 , 0 , 1.0308458963948879 , 2.6873413822999686 , -1.7699270626466217 , 0 , 0 , 0
6 ,Pre Correction, 0 , 1 , 1.0308458963948879 , 2.6873413822999686 , -1.7699270626466217 , 0 , 0.9174143196533469
6 ,Post Correction, 0 , 1 , 1.0308458963948879 , 1.6873413822999686 , -2.7699270626466217 , 0 , 1 , -1
6 ,Pre Correction, 0 , 0 , 1.0308458963948879 , 1.6873413822999686 , -2.7699270626466217 , 0 , -2.7699270626466217
6 ,Post Correction, 0 , 0 , 1.0308458963948879 , 1.6873413822999686 , -2.7699270626466217 , 0 , 0 , 0
7 ,Pre Correction, 1 , 1 , 1.0308458963948879 , 1.6873413822999686 , -2.7699270626466217 , 1 , -0.05173978395176526
7 ,Post Correction, 1 , 1 , 2.030845896394888 , 2.6873413822999686 , -1.7699270626466217 , 1 , 0 , 1
7 ,Pre Correction, 1 , 0 , 2.030845896394888 , 2.6873413822999686 , -1.7699270626466217 , 0 , 0.2609188337482662
7 ,Post Correction, 1 , 0 , 1.0308458963948879 , 2.6873413822999686 , -2.7699270626466217 , 0 , 1 , -1
7 ,Pre Correction, 0 , 1 , 1.0308458963948879 , 2.6873413822999686 , -2.7699270626466217 , 0 , -0.08258568034665315
7 ,Post Correction, 0 , 1 , 1.0308458963948879 , 2.6873413822999686 , -2.7699270626466217 , 0 , 0 , 0
7 ,Pre Correction, 0 , 0 , 1.0308458963948879 , 2.6873413822999686 , -2.7699270626466217 , 0 , -2.7699270626466217
7 ,Post Correction, 0 , 0 , 1.0308458963948879 , 2.6873413822999686 , -2.7699270626466217 , 0 , 0 , 0
8 ,Pre Correction, 1 , 1 , 1.0308458963948879 , 2.6873413822999686 , -2.7699270626466217 , 1 , 0.9482602160482347
8 ,Post Correction, 1 , 1 , 1.0308458963948879 , 2.6873413822999686 , -2.7699270626466217 , 1 , 1 , 0
8 ,Pre Correction, 1 , 0 , 1.0308458963948879 , 2.6873413822999686 , -2.7699270626466217 , 0 , -1.7390811662517338
8 ,Post Correction, 1 , 0 , 1.0308458963948879 , 2.6873413822999686 , -2.7699270626466217 , 0 , 0 , 0
8 ,Pre Correction, 0 , 1 , 1.0308458963948879 , 2.6873413822999686 , -2.7699270626466217 , 0 , -0.08258568034665315
8 ,Post Correction, 0 , 1 , 1.0308458963948879 , 2.6873413822999686 , -2.7699270626466217 , 0 , 0 , 0
8 ,Pre Correction, 0 , 0 , 1.0308458963948879 , 2.6873413822999686 , -2.7699270626466217 , 0 , -2.7699270626466217
8 ,Post Correction, 0 , 0 , 1.0308458963948879 , 2.6873413822999686 , -2.7699270626466217 , 0 , 0 , 0
9 ,Pre Correction, 1 , 1 , 1.0308458963948879 , 2.6873413822999686 , -2.7699270626466217 , 1 , 0.9482602160482347
9 ,Post Correction, 1 , 1 , 1.0308458963948879 , 2.6873413822999686 , -2.7699270626466217 , 1 , 1 , 0
9 ,Pre Correction, 1 , 0 , 1.0308458963948879 , 2.6873413822999686 , -2.7699270626466217 , 0 , -1.7390811662517338
9 ,Post Correction, 1 , 0 , 1.0308458963948879 , 2.6873413822999686 , -2.7699270626466217 , 0 , 0 , 0
9 ,Pre Correction, 0 , 1 , 1.0308458963948879 , 2.6873413822999686 , -2.7699270626466217 , 0 , -0.08258568034665315
9 ,Post Correction, 0 , 1 , 1.0308458963948879 , 2.6873413822999686 , -2.7699270626466217 , 0 , 0 , 0
9 ,Pre Correction, 0 , 0 , 1.0308458963948879 , 2.6873413822999686 , -2.7699270626466217 , 0 , -2.7699270626466217
9 ,Post Correction, 0 , 0 , 1.0308458963948879 , 2.6873413822999686 , -2.7699270626466217 , 0 , 0 , 0
10 ,Pre Correction, 1 , 1 , 1.0308458963948879 , 2.6873413822999686 , -2.7699270626466217 , 1 , 0.9482602160482347
10 ,Post Correction, 1 , 1 , 1.0308458963948879 , 2.6873413822999686 , -2.7699270626466217 , 1 , 1 , 0
10 ,Pre Correction, 1 , 0 , 1.0308458963948879 , 2.6873413822999686 , -2.7699270626466217 , 0 , -1.7390811662517338
10 ,Post Correction, 1 , 0 , 1.0308458963948879 , 2.6873413822999686 , -2.7699270626466217 , 0 , 0 , 0
10 ,Pre Correction, 0 , 1 , 1.0308458963948879 , 2.6873413822999686 , -2.7699270626466217 , 0 , -0.08258568034665315
10 ,Post Correction, 0 , 1 , 1.0308458963948879 , 2.6873413822999686 , -2.7699270626466217 , 0 , 0 , 0
10 ,Pre Correction, 0 , 0 , 1.0308458963948879 , 2.6873413822999686 , -2.7699270626466217 , 0 , -2.7699270626466217
10 ,Post Correction, 0 , 0 , 1.0308458963948879 , 2.6873413822999686 , -2.7699270626466217 , 0 , 0 , 0
11 ,Pre Correction, 1 , 1 , 1.0308458963948879 , 2.6873413822999686 , -2.7699270626466217 , 1 , 0.9482602160482347
11 ,Post Correction, 1 , 1 , 1.0308458963948879 , 2.6873413822999686 , -2.7699270626466217 , 1 , 1 , 0
11 ,Pre Correction, 1 , 0 , 1.0308458963948879 , 2.6873413822999686 , -2.7699270626466217 , 0 , -1.7390811662517338
11 ,Post Correction, 1 , 0 , 1.0308458963948879 , 2.6873413822999686 , -2.7699270626466217 , 0 , 0 , 0
11 ,Pre Correction, 0 , 1 , 1.0308458963948879 , 2.6873413822999686 , -2.7699270626466217 , 0 , -0.08258568034665315
11 ,Post Correction, 0 , 1 , 1.0308458963948879 , 2.6873413822999686 , -2.7699270626466217 , 0 , 0 , 0
11 ,Pre Correction, 0 , 0 , 1.0308458963948879 , 2.6873413822999686 , -2.7699270626466217 , 0 , -2.7699270626466217
11 ,Post Correction, 0 , 0 , 1.0308458963948879 , 2.6873413822999686 , -2.7699270626466217 , 0 , 0 , 0
12 ,Pre Correction, 1 , 1 , 1.0308458963948879 , 2.6873413822999686 , -2.7699270626466217 , 1 , 0.9482602160482347
12 ,Post Correction, 1 , 1 , 1.0308458963948879 , 2.6873413822999686 , -2.7699270626466217 , 1 , 1 , 0
12 ,Pre Correction, 1 , 0 , 1.0308458963948879 , 2.6873413822999686 , -2.7699270626466217 , 0 , -1.7390811662517338
12 ,Post Correction, 1 , 0 , 1.0308458963948879 , 2.6873413822999686 , -2.7699270626466217 , 0 , 0 , 0
12 ,Pre Correction, 0 , 1 , 1.0308458963948879 , 2.6873413822999686 , -2.7699270626466217 , 0 , -0.08258568034665315
12 ,Post Correction, 0 , 1 , 1.0308458963948879 , 2.6873413822999686 , -2.7699270626466217 , 0 , 0 , 0
12 ,Pre Correction, 0 , 0 , 1.0308458963948879 , 2.6873413822999686 , -2.7699270626466217 , 0 , -2.7699270626466217
12 ,Post Correction, 0 , 0 , 1.0308458963948879 , 2.6873413822999686 , -2.7699270626466217 , 0 , 0 , 0
13 ,Pre Correction, 1 , 1 , 1.0308458963948879 , 2.6873413822999686 , -2.7699270626466217 , 1 , 0.9482602160482347
13 ,Post Correction, 1 , 1 , 1.0308458963948879 , 2.6873413822999686 , -2.7699270626466217 , 1 , 1 , 0
13 ,Pre Correction, 1 , 0 , 1.0308458963948879 , 2.6873413822999686 , -2.7699270626466217 , 0 , -1.7390811662517338
13 ,Post Correction, 1 , 0 , 1.0308458963948879 , 2.6873413822999686 , -2.7699270626466217 , 0 , 0 , 0
13 ,Pre Correction, 0 , 1 , 1.0308458963948879 , 2.6873413822999686 , -2.7699270626466217 , 0 , -0.08258568034665315
13 ,Post Correction, 0 , 1 , 1.0308458963948879 , 2.6873413822999686 , -2.7699270626466217 , 0 , 0 , 0
13 ,Pre Correction, 0 , 0 , 1.0308458963948879 , 2.6873413822999686 , -2.7699270626466217 , 0 , -2.7699270626466217
13 ,Post Correction, 0 , 0 , 1.0308458963948879 , 2.6873413822999686 , -2.7699270626466217 , 0 , 0 , 0
14 ,Pre Correction, 1 , 1 , 1.0308458963948879 , 2.6873413822999686 , -2.7699270626466217 , 1 , 0.9482602160482347
14 ,Post Correction, 1 , 1 , 1.0308458963948879 , 2.6873413822999686 , -2.7699270626466217 , 1 , 1 , 0
14 ,Pre Correction, 1 , 0 , 1.0308458963948879 , 2.6873413822999686 , -2.7699270626466217 , 0 , -1.7390811662517338
14 ,Post Correction, 1 , 0 , 1.0308458963948879 , 2.6873413822999686 , -2.7699270626466217 , 0 , 0 , 0
14 ,Pre Correction, 0 , 1 , 1.0308458963948879 , 2.6873413822999686 , -2.7699270626466217 , 0 , -0.08258568034665315
14 ,Post Correction, 0 , 1 , 1.0308458963948879 , 2.6873413822999686 , -2.7699270626466217 , 0 , 0 , 0
14 ,Pre Correction, 0 , 0 , 1.0308458963948879 , 2.6873413822999686 , -2.7699270626466217 , 0 , -2.7699270626466217
14 ,Post Correction, 0 , 0 , 1.0308458963948879 , 2.6873413822999686 , -2.7699270626466217 , 0 , 0 , 0
15 ,Pre Correction, 1 , 1 , 1.0308458963948879 , 2.6873413822999686 , -2.7699270626466217 , 1 , 0.9482602160482347
15 ,Post Correction, 1 , 1 , 1.0308458963948879 , 2.6873413822999686 , -2.7699270626466217 , 1 , 1 , 0
15 ,Pre Correction, 1 , 0 , 1.0308458963948879 , 2.6873413822999686 , -2.7699270626466217 , 0 , -1.7390811662517338
15 ,Post Correction, 1 , 0 , 1.0308458963948879 , 2.6873413822999686 , -2.7699270626466217 , 0 , 0 , 0
15 ,Pre Correction, 0 , 1 , 1.0308458963948879 , 2.6873413822999686 , -2.7699270626466217 , 0 , -0.08258568034665315
15 ,Post Correction, 0 , 1 , 1.0308458963948879 , 2.6873413822999686 , -2.7699270626466217 , 0 , 0 , 0
15 ,Pre Correction, 0 , 0 , 1.0308458963948879 , 2.6873413822999686 , -2.7699270626466217 , 0 , -2.7699270626466217
15 ,Post Correction, 0 , 0 , 1.0308458963948879 , 2.6873413822999686 , -2.7699270626466217 , 0 , 0 , 0
16 ,Pre Correction, 1 , 1 , 1.0308458963948879 , 2.6873413822999686 , -2.7699270626466217 , 1 , 0.9482602160482347
16 ,Post Correction, 1 , 1 , 1.0308458963948879 , 2.6873413822999686 , -2.7699270626466217 , 1 , 1 , 0
16 ,Pre Correction, 1 , 0 , 1.0308458963948879 , 2.6873413822999686 , -2.7699270626466217 , 0 , -1.7390811662517338
16 ,Post Correction, 1 , 0 , 1.0308458963948879 , 2.6873413822999686 , -2.7699270626466217 , 0 , 0 , 0
16 ,Pre Correction, 0 , 1 , 1.0308458963948879 , 2.6873413822999686 , -2.7699270626466217 , 0 , -0.08258568034665315
16 ,Post Correction, 0 , 1 , 1.0308458963948879 , 2.6873413822999686 , -2.7699270626466217 , 0 , 0 , 0
16 ,Pre Correction, 0 , 0 , 1.0308458963948879 , 2.6873413822999686 , -2.7699270626466217 , 0 , -2.7699270626466217
16 ,Post Correction, 0 , 0 , 1.0308458963948879 , 2.6873413822999686 , -2.7699270626466217 , 0 , 0 , 0
17 ,Pre Correction, 1 , 1 , 1.0308458963948879 , 2.6873413822999686 , -2.7699270626466217 , 1 , 0.9482602160482347
17 ,Post Correction, 1 , 1 , 1.0308458963948879 , 2.6873413822999686 , -2.7699270626466217 , 1 , 1 , 0
17 ,Pre Correction, 1 , 0 , 1.0308458963948879 , 2.6873413822999686 , -2.7699270626466217 , 0 , -1.7390811662517338
17 ,Post Correction, 1 , 0 , 1.0308458963948879 , 2.6873413822999686 , -2.7699270626466217 , 0 , 0 , 0
17 ,Pre Correction, 0 , 1 , 1.0308458963948879 , 2.6873413822999686 , -2.7699270626466217 , 0 , -0.08258568034665315
17 ,Post Correction, 0 , 1 , 1.0308458963948879 , 2.6873413822999686 , -2.7699270626466217 , 0 , 0 , 0
17 ,Pre Correction, 0 , 0 , 1.0308458963948879 , 2.6873413822999686 , -2.7699270626466217 , 0 , -2.7699270626466217
17 ,Post Correction, 0 , 0 , 1.0308458963948879 , 2.6873413822999686 , -2.7699270626466217 , 0 , 0 , 0
18 ,Pre Correction, 1 , 1 , 1.0308458963948879 , 2.6873413822999686 , -2.7699270626466217 , 1 , 0.9482602160482347
18 ,Post Correction, 1 , 1 , 1.0308458963948879 , 2.6873413822999686 , -2.7699270626466217 , 1 , 1 , 0
18 ,Pre Correction, 1 , 0 , 1.0308458963948879 , 2.6873413822999686 , -2.7699270626466217 , 0 , -1.7390811662517338
18 ,Post Correction, 1 , 0 , 1.0308458963948879 , 2.6873413822999686 , -2.7699270626466217 , 0 , 0 , 0
18 ,Pre Correction, 0 , 1 , 1.0308458963948879 , 2.6873413822999686 , -2.7699270626466217 , 0 , -0.08258568034665315
18 ,Post Correction, 0 , 1 , 1.0308458963948879 , 2.6873413822999686 , -2.7699270626466217 , 0 , 0 , 0
18 ,Pre Correction, 0 , 0 , 1.0308458963948879 , 2.6873413822999686 , -2.7699270626466217 , 0 , -2.7699270626466217
18 ,Post Correction, 0 , 0 , 1.0308458963948879 , 2.6873413822999686 , -2.7699270626466217 , 0 , 0 , 0
19 ,Pre Correction, 1 , 1 , 1.0308458963948879 , 2.6873413822999686 , -2.7699270626466217 , 1 , 0.9482602160482347
19 ,Post Correction, 1 , 1 , 1.0308458963948879 , 2.6873413822999686 , -2.7699270626466217 , 1 , 1 , 0
19 ,Pre Correction, 1 , 0 , 1.0308458963948879 , 2.6873413822999686 , -2.7699270626466217 , 0 , -1.7390811662517338
19 ,Post Correction, 1 , 0 , 1.0308458963948879 , 2.6873413822999686 , -2.7699270626466217 , 0 , 0 , 0
19 ,Pre Correction, 0 , 1 , 1.0308458963948879 , 2.6873413822999686 , -2.7699270626466217 , 0 , -0.08258568034665315
19 ,Post Correction, 0 , 1 , 1.0308458963948879 , 2.6873413822999686 , -2.7699270626466217 , 0 , 0 , 0
19 ,Pre Correction, 0 , 0 , 1.0308458963948879 , 2.6873413822999686 , -2.7699270626466217 , 0 , -2.7699270626466217
19 ,Post Correction, 0 , 0 , 1.0308458963948879 , 2.6873413822999686 , -2.7699270626466217 , 0 , 0 , 0
20 ,Pre Correction, 1 , 1 , 1.0308458963948879 , 2.6873413822999686 , -2.7699270626466217 , 1 , 0.9482602160482347
20 ,Post Correction, 1 , 1 , 1.0308458963948879 , 2.6873413822999686 , -2.7699270626466217 , 1 , 1 , 0
20 ,Pre Correction, 1 , 0 , 1.0308458963948879 , 2.6873413822999686 , -2.7699270626466217 , 0 , -1.7390811662517338
20 ,Post Correction, 1 , 0 , 1.0308458963948879 , 2.6873413822999686 , -2.7699270626466217 , 0 , 0 , 0
20 ,Pre Correction, 0 , 1 , 1.0308458963948879 , 2.6873413822999686 , -2.7699270626466217 , 0 , -0.08258568034665315
20 ,Post Correction, 0 , 1 , 1.0308458963948879 , 2.6873413822999686 , -2.7699270626466217 , 0 , 0 , 0
20 ,Pre Correction, 0 , 0 , 1.0308458963948879 , 2.6873413822999686 , -2.7699270626466217 , 0 , -2.7699270626466217
20 ,Post Correction, 0 , 0 , 1.0308458963948879 , 2.6873413822999686 , -2.7699270626466217 , 0 , 0 , 0
21 ,Pre Correction, 1 , 1 , 1.0308458963948879 , 2.6873413822999686 , -2.7699270626466217 , 1 , 0.9482602160482347
21 ,Post Correction, 1 , 1 , 1.0308458963948879 , 2.6873413822999686 , -2.7699270626466217 , 1 , 1 , 0
21 ,Pre Correction, 1 , 0 , 1.0308458963948879 , 2.6873413822999686 , -2.7699270626466217 , 0 , -1.7390811662517338
21 ,Post Correction, 1 , 0 , 1.0308458963948879 , 2.6873413822999686 , -2.7699270626466217 , 0 , 0 , 0
21 ,Pre Correction, 0 , 1 , 1.0308458963948879 , 2.6873413822999686 , -2.7699270626466217 , 0 , -0.08258568034665315
21 ,Post Correction, 0 , 1 , 1.0308458963948879 , 2.6873413822999686 , -2.7699270626466217 , 0 , 0 , 0
21 ,Pre Correction, 0 , 0 , 1.0308458963948879 , 2.6873413822999686 , -2.7699270626466217 , 0 , -2.7699270626466217
21 ,Post Correction, 0 , 0 , 1.0308458963948879 , 2.6873413822999686 , -2.7699270626466217 , 0 , 0 , 0
22 ,Pre Correction, 1 , 1 , 1.0308458963948879 , 2.6873413822999686 , -2.7699270626466217 , 1 , 0.9482602160482347
22 ,Post Correction, 1 , 1 , 1.0308458963948879 , 2.6873413822999686 , -2.7699270626466217 , 1 , 1 , 0
22 ,Pre Correction, 1 , 0 , 1.0308458963948879 , 2.6873413822999686 , -2.7699270626466217 , 0 , -1.7390811662517338
22 ,Post Correction, 1 , 0 , 1.0308458963948879 , 2.6873413822999686 , -2.7699270626466217 , 0 , 0 , 0
22 ,Pre Correction, 0 , 1 , 1.0308458963948879 , 2.6873413822999686 , -2.7699270626466217 , 0 , -0.08258568034665315
22 ,Post Correction, 0 , 1 , 1.0308458963948879 , 2.6873413822999686 , -2.7699270626466217 , 0 , 0 , 0
22 ,Pre Correction, 0 , 0 , 1.0308458963948879 , 2.6873413822999686 , -2.7699270626466217 , 0 , -2.7699270626466217
22 ,Post Correction, 0 , 0 , 1.0308458963948879 , 2.6873413822999686 , -2.7699270626466217 , 0 , 0 , 0
23 ,Pre Correction, 1 , 1 , 1.0308458963948879 , 2.6873413822999686 , -2.7699270626466217 , 1 , 0.9482602160482347
23 ,Post Correction, 1 , 1 , 1.0308458963948879 , 2.6873413822999686 , -2.7699270626466217 , 1 , 1 , 0
23 ,Pre Correction, 1 , 0 , 1.0308458963948879 , 2.6873413822999686 , -2.7699270626466217 , 0 , -1.7390811662517338
23 ,Post Correction, 1 , 0 , 1.0308458963948879 , 2.6873413822999686 , -2.7699270626466217 , 0 , 0 , 0
23 ,Pre Correction, 0 , 1 , 1.0308458963948879 , 2.6873413822999686 , -2.7699270626466217 , 0 , -0.08258568034665315
23 ,Post Correction, 0 , 1 , 1.0308458963948879 , 2.6873413822999686 , -2.7699270626466217 , 0 , 0 , 0
23 ,Pre Correction, 0 , 0 , 1.0308458963948879 , 2.6873413822999686 , -2.7699270626466217 , 0 , -2.7699270626466217
23 ,Post Correction, 0 , 0 , 1.0308458963948879 , 2.6873413822999686 , -2.7699270626466217 , 0 , 0 , 0
24 ,Pre Correction, 1 , 1 , 1.0308458963948879 , 2.6873413822999686 , -2.7699270626466217 , 1 , 0.9482602160482347
24 ,Post Correction, 1 , 1 , 1.0308458963948879 , 2.6873413822999686 , -2.7699270626466217 , 1 , 1 , 0
24 ,Pre Correction, 1 , 0 , 1.0308458963948879 , 2.6873413822999686 , -2.7699270626466217 , 0 , -1.7390811662517338
24 ,Post Correction, 1 , 0 , 1.0308458963948879 , 2.6873413822999686 , -2.7699270626466217 , 0 , 0 , 0
24 ,Pre Correction, 0 , 1 , 1.0308458963948879 , 2.6873413822999686 , -2.7699270626466217 , 0 , -0.08258568034665315
24 ,Post Correction, 0 , 1 , 1.0308458963948879 , 2.6873413822999686 , -2.7699270626466217 , 0 , 0 , 0
24 ,Pre Correction, 0 , 0 , 1.0308458963948879 , 2.6873413822999686 , -2.7699270626466217 , 0 , -2.7699270626466217
24 ,Post Correction, 0 , 0 , 1.0308458963948879 , 2.6873413822999686 , -2.7699270626466217 , 0 , 0 , 0
25 ,Pre Correction, 1 , 1 , 1.0308458963948879 , 2.6873413822999686 , -2.7699270626466217 , 1 , 0.9482602160482347
25 ,Post Correction, 1 , 1 , 1.0308458963948879 , 2.6873413822999686 , -2.7699270626466217 , 1 , 1 , 0
25 ,Pre Correction, 1 , 0 , 1.0308458963948879 , 2.6873413822999686 , -2.7699270626466217 , 0 , -1.7390811662517338
25 ,Post Correction, 1 , 0 , 1.0308458963948879 , 2.6873413822999686 , -2.7699270626466217 , 0 , 0 , 0
25 ,Pre Correction, 0 , 1 , 1.0308458963948879 , 2.6873413822999686 , -2.7699270626466217 , 0 , -0.08258568034665315
25 ,Post Correction, 0 , 1 , 1.0308458963948879 , 2.6873413822999686 , -2.7699270626466217 , 0 , 0 , 0
25 ,Pre Correction, 0 , 0 , 1.0308458963948879 , 2.6873413822999686 , -2.7699270626466217 , 0 , -2.7699270626466217
25 ,Post Correction, 0 , 0 , 1.0308458963948879 , 2.6873413822999686 , -2.7699270626466217 , 0 , 0 , 0
26 ,Pre Correction, 1 , 1 , 1.0308458963948879 , 2.6873413822999686 , -2.7699270626466217 , 1 , 0.9482602160482347
26 ,Post Correction, 1 , 1 , 1.0308458963948879 , 2.6873413822999686 , -2.7699270626466217 , 1 , 1 , 0
26 ,Pre Correction, 1 , 0 , 1.0308458963948879 , 2.6873413822999686 , -2.7699270626466217 , 0 , -1.7390811662517338
26 ,Post Correction, 1 , 0 , 1.0308458963948879 , 2.6873413822999686 , -2.7699270626466217 , 0 , 0 , 0
26 ,Pre Correction, 0 , 1 , 1.0308458963948879 , 2.6873413822999686 , -2.7699270626466217 , 0 , -0.08258568034665315
26 ,Post Correction, 0 , 1 , 1.0308458963948879 , 2.6873413822999686 , -2.7699270626466217 , 0 , 0 , 0
26 ,Pre Correction, 0 , 0 , 1.0308458963948879 , 2.6873413822999686 , -2.7699270626466217 , 0 , -2.7699270626466217
26 ,Post Correction, 0 , 0 , 1.0308458963948879 , 2.6873413822999686 , -2.7699270626466217 , 0 , 0 , 0
27 ,Pre Correction, 1 , 1 , 1.0308458963948879 , 2.6873413822999686 , -2.7699270626466217 , 1 , 0.9482602160482347
27 ,Post Correction, 1 , 1 , 1.0308458963948879 , 2.6873413822999686 , -2.7699270626466217 , 1 , 1 , 0
27 ,Pre Correction, 1 , 0 , 1.0308458963948879 , 2.6873413822999686 , -2.7699270626466217 , 0 , -1.7390811662517338
27 ,Post Correction, 1 , 0 , 1.0308458963948879 , 2.6873413822999686 , -2.7699270626466217 , 0 , 0 , 0
27 ,Pre Correction, 0 , 1 , 1.0308458963948879 , 2.6873413822999686 , -2.7699270626466217 , 0 , -0.08258568034665315
27 ,Post Correction, 0 , 1 , 1.0308458963948879 , 2.6873413822999686 , -2.7699270626466217 , 0 , 0 , 0
27 ,Pre Correction, 0 , 0 , 1.0308458963948879 , 2.6873413822999686 , -2.7699270626466217 , 0 , -2.7699270626466217
27 ,Post Correction, 0 , 0 , 1.0308458963948879 , 2.6873413822999686 , -2.7699270626466217 , 0 , 0 , 0
28 ,Pre Correction, 1 , 1 , 1.0308458963948879 , 2.6873413822999686 , -2.7699270626466217 , 1 , 0.9482602160482347
28 ,Post Correction, 1 , 1 , 1.0308458963948879 , 2.6873413822999686 , -2.7699270626466217 , 1 , 1 , 0
28 ,Pre Correction, 1 , 0 , 1.0308458963948879 , 2.6873413822999686 , -2.7699270626466217 , 0 , -1.7390811662517338
28 ,Post Correction, 1 , 0 , 1.0308458963948879 , 2.6873413822999686 , -2.7699270626466217 , 0 , 0 , 0
28 ,Pre Correction, 0 , 1 , 1.0308458963948879 , 2.6873413822999686 , -2.7699270626466217 , 0 , -0.08258568034665315
28 ,Post Correction, 0 , 1 , 1.0308458963948879 , 2.6873413822999686 , -2.7699270626466217 , 0 , 0 , 0
28 ,Pre Correction, 0 , 0 , 1.0308458963948879 , 2.6873413822999686 , -2.7699270626466217 , 0 , -2.7699270626466217
28 ,Post Correction, 0 , 0 , 1.0308458963948879 , 2.6873413822999686 , -2.7699270626466217 , 0 , 0 , 0
29 ,Pre Correction, 1 , 1 , 1.0308458963948879 , 2.6873413822999686 , -2.7699270626466217 , 1 , 0.9482602160482347
29 ,Post Correction, 1 , 1 , 1.0308458963948879 , 2.6873413822999686 , -2.7699270626466217 , 1 , 1 , 0
29 ,Pre Correction, 1 , 0 , 1.0308458963948879 , 2.6873413822999686 , -2.7699270626466217 , 0 , -1.7390811662517338
29 ,Post Correction, 1 , 0 , 1.0308458963948879 , 2.6873413822999686 , -2.7699270626466217 , 0 , 0 , 0
29 ,Pre Correction, 0 , 1 , 1.0308458963948879 , 2.6873413822999686 , -2.7699270626466217 , 0 , -0.08258568034665315
29 ,Post Correction, 0 , 1 , 1.0308458963948879 , 2.6873413822999686 , -2.7699270626466217 , 0 , 0 , 0
29 ,Pre Correction, 0 , 0 , 1.0308458963948879 , 2.6873413822999686 , -2.7699270626466217 , 0 , -2.7699270626466217
29 ,Post Correction, 0 , 0 , 1.0308458963948879 , 2.6873413822999686 , -2.7699270626466217 , 0 , 0 , 0
30 ,Pre Correction, 1 , 1 , 1.0308458963948879 , 2.6873413822999686 , -2.7699270626466217 , 1 , 0.9482602160482347
30 ,Post Correction, 1 , 1 , 1.0308458963948879 , 2.6873413822999686 , -2.7699270626466217 , 1 , 1 , 0
30 ,Pre Correction, 1 , 0 , 1.0308458963948879 , 2.6873413822999686 , -2.7699270626466217 , 0 , -1.7390811662517338
30 ,Post Correction, 1 , 0 , 1.0308458963948879 , 2.6873413822999686 , -2.7699270626466217 , 0 , 0 , 0
30 ,Pre Correction, 0 , 1 , 1.0308458963948879 , 2.6873413822999686 , -2.7699270626466217 , 0 , -0.08258568034665315
30 ,Post Correction, 0 , 1 , 1.0308458963948879 , 2.6873413822999686 , -2.7699270626466217 , 0 , 0 , 0
30 ,Pre Correction, 0 , 0 , 1.0308458963948879 , 2.6873413822999686 , -2.7699270626466217 , 0 , -2.7699270626466217
30 ,Post Correction, 0 , 0 , 1.0308458963948879 , 2.6873413822999686 , -2.7699270626466217 , 0 , 0 , 0
31 ,Pre Correction, 1 , 1 , 1.0308458963948879 , 2.6873413822999686 , -2.7699270626466217 , 1 , 0.9482602160482347
31 ,Post Correction, 1 , 1 , 1.0308458963948879 , 2.6873413822999686 , -2.7699270626466217 , 1 , 1 , 0
31 ,Pre Correction, 1 , 0 , 1.0308458963948879 , 2.6873413822999686 , -2.7699270626466217 , 0 , -1.7390811662517338
31 ,Post Correction, 1 , 0 , 1.0308458963948879 , 2.6873413822999686 , -2.7699270626466217 , 0 , 0 , 0
31 ,Pre Correction, 0 , 1 , 1.0308458963948879 , 2.6873413822999686 , -2.7699270626466217 , 0 , -0.08258568034665315
31 ,Post Correction, 0 , 1 , 1.0308458963948879 , 2.6873413822999686 , -2.7699270626466217 , 0 , 0 , 0
31 ,Pre Correction, 0 , 0 , 1.0308458963948879 , 2.6873413822999686 , -2.7699270626466217 , 0 , -2.7699270626466217
31 ,Post Correction, 0 , 0 , 1.0308458963948879 , 2.6873413822999686 , -2.7699270626466217 , 0 , 0 , 0
32 ,Pre Correction, 1 , 1 , 1.0308458963948879 , 2.6873413822999686 , -2.7699270626466217 , 1 , 0.9482602160482347
32 ,Post Correction, 1 , 1 , 1.0308458963948879 , 2.6873413822999686 , -2.7699270626466217 , 1 , 1 , 0
32 ,Pre Correction, 1 , 0 , 1.0308458963948879 , 2.6873413822999686 , -2.7699270626466217 , 0 , -1.7390811662517338
32 ,Post Correction, 1 , 0 , 1.0308458963948879 , 2.6873413822999686 , -2.7699270626466217 , 0 , 0 , 0
32 ,Pre Correction, 0 , 1 , 1.0308458963948879 , 2.6873413822999686 , -2.7699270626466217 , 0 , -0.08258568034665315
32 ,Post Correction, 0 , 1 , 1.0308458963948879 , 2.6873413822999686 , -2.7699270626466217 , 0 , 0 , 0
32 ,Pre Correction, 0 , 0 , 1.0308458963948879 , 2.6873413822999686 , -2.7699270626466217 , 0 , -2.7699270626466217
32 ,Post Correction, 0 , 0 , 1.0308458963948879 , 2.6873413822999686 , -2.7699270626466217 , 0 , 0 , 0
33 ,Pre Correction, 1 , 1 , 1.0308458963948879 , 2.6873413822999686 , -2.7699270626466217 , 1 , 0.9482602160482347
33 ,Post Correction, 1 , 1 , 1.0308458963948879 , 2.6873413822999686 , -2.7699270626466217 , 1 , 1 , 0
33 ,Pre Correction, 1 , 0 , 1.0308458963948879 , 2.6873413822999686 , -2.7699270626466217 , 0 , -1.7390811662517338
33 ,Post Correction, 1 , 0 , 1.0308458963948879 , 2.6873413822999686 , -2.7699270626466217 , 0 , 0 , 0
33 ,Pre Correction, 0 , 1 , 1.0308458963948879 , 2.6873413822999686 , -2.7699270626466217 , 0 , -0.08258568034665315
33 ,Post Correction, 0 , 1 , 1.0308458963948879 , 2.6873413822999686 , -2.7699270626466217 , 0 , 0 , 0
33 ,Pre Correction, 0 , 0 , 1.0308458963948879 , 2.6873413822999686 , -2.7699270626466217 , 0 , -2.7699270626466217
33 ,Post Correction, 0 , 0 , 1.0308458963948879 , 2.6873413822999686 , -2.7699270626466217 , 0 , 0 , 0
34 ,Pre Correction, 1 , 1 , 1.0308458963948879 , 2.6873413822999686 , -2.7699270626466217 , 1 , 0.9482602160482347
34 ,Post Correction, 1 , 1 , 1.0308458963948879 , 2.6873413822999686 , -2.7699270626466217 , 1 , 1 , 0
34 ,Pre Correction, 1 , 0 , 1.0308458963948879 , 2.6873413822999686 , -2.7699270626466217 , 0 , -1.7390811662517338
34 ,Post Correction, 1 , 0 , 1.0308458963948879 , 2.6873413822999686 , -2.7699270626466217 , 0 , 0 , 0
34 ,Pre Correction, 0 , 1 , 1.0308458963948879 , 2.6873413822999686 , -2.7699270626466217 , 0 , -0.08258568034665315
34 ,Post Correction, 0 , 1 , 1.0308458963948879 , 2.6873413822999686 , -2.7699270626466217 , 0 , 0 , 0
34 ,Pre Correction, 0 , 0 , 1.0308458963948879 , 2.6873413822999686 , -2.7699270626466217 , 0 , -2.7699270626466217
34 ,Post Correction, 0 , 0 , 1.0308458963948879 , 2.6873413822999686 , -2.7699270626466217 , 0 , 0 , 0
35 ,Pre Correction, 1 , 1 , 1.0308458963948879 , 2.6873413822999686 , -2.7699270626466217 , 1 , 0.9482602160482347
35 ,Post Correction, 1 , 1 , 1.0308458963948879 , 2.6873413822999686 , -2.7699270626466217 , 1 , 1 , 0
35 ,Pre Correction, 1 , 0 , 1.0308458963948879 , 2.6873413822999686 , -2.7699270626466217 , 0 , -1.7390811662517338
35 ,Post Correction, 1 , 0 , 1.0308458963948879 , 2.6873413822999686 , -2.7699270626466217 , 0 , 0 , 0
35 ,Pre Correction, 0 , 1 , 1.0308458963948879 , 2.6873413822999686 , -2.7699270626466217 , 0 , -0.08258568034665315
35 ,Post Correction, 0 , 1 , 1.0308458963948879 , 2.6873413822999686 , -2.7699270626466217 , 0 , 0 , 0
35 ,Pre Correction, 0 , 0 , 1.0308458963948879 , 2.6873413822999686 , -2.7699270626466217 , 0 , -2.7699270626466217
35 ,Post Correction, 0 , 0 , 1.0308458963948879 , 2.6873413822999686 , -2.7699270626466217 , 0 , 0 , 0
36 ,Pre Correction, 1 , 1 , 1.0308458963948879 , 2.6873413822999686 , -2.7699270626466217 , 1 , 0.9482602160482347
36 ,Post Correction, 1 , 1 , 1.0308458963948879 , 2.6873413822999686 , -2.7699270626466217 , 1 , 1 , 0
36 ,Pre Correction, 1 , 0 , 1.0308458963948879 , 2.6873413822999686 , -2.7699270626466217 , 0 , -1.7390811662517338
36 ,Post Correction, 1 , 0 , 1.0308458963948879 , 2.6873413822999686 , -2.7699270626466217 , 0 , 0 , 0
36 ,Pre Correction, 0 , 1 , 1.0308458963948879 , 2.6873413822999686 , -2.7699270626466217 , 0 , -0.08258568034665315
36 ,Post Correction, 0 , 1 , 1.0308458963948879 , 2.6873413822999686 , -2.7699270626466217 , 0 , 0 , 0
36 ,Pre Correction, 0 , 0 , 1.0308458963948879 , 2.6873413822999686 , -2.7699270626466217 , 0 , -2.7699270626466217
36 ,Post Correction, 0 , 0 , 1.0308458963948879 , 2.6873413822999686 , -2.7699270626466217 , 0 , 0 , 0
37 ,Pre Correction, 1 , 1 , 1.0308458963948879 , 2.6873413822999686 , -2.7699270626466217 , 1 , 0.9482602160482347
37 ,Post Correction, 1 , 1 , 1.0308458963948879 , 2.6873413822999686 , -2.7699270626466217 , 1 , 1 , 0
37 ,Pre Correction, 1 , 0 , 1.0308458963948879 , 2.6873413822999686 , -2.7699270626466217 , 0 , -1.7390811662517338
37 ,Post Correction, 1 , 0 , 1.0308458963948879 , 2.6873413822999686 , -2.7699270626466217 , 0 , 0 , 0
37 ,Pre Correction, 0 , 1 , 1.0308458963948879 , 2.6873413822999686 , -2.7699270626466217 , 0 , -0.08258568034665315
37 ,Post Correction, 0 , 1 , 1.0308458963948879 , 2.6873413822999686 , -2.7699270626466217 , 0 , 0 , 0
37 ,Pre Correction, 0 , 0 , 1.0308458963948879 , 2.6873413822999686 , -2.7699270626466217 , 0 , -2.7699270626466217
37 ,Post Correction, 0 , 0 , 1.0308458963948879 , 2.6873413822999686 , -2.7699270626466217 , 0 , 0 , 0
38 ,Pre Correction, 1 , 1 , 1.0308458963948879 , 2.6873413822999686 , -2.7699270626466217 , 1 , 0.9482602160482347
38 ,Post Correction, 1 , 1 , 1.0308458963948879 , 2.6873413822999686 , -2.7699270626466217 , 1 , 1 , 0
38 ,Pre Correction, 1 , 0 , 1.0308458963948879 , 2.6873413822999686 , -2.7699270626466217 , 0 , -1.7390811662517338
38 ,Post Correction, 1 , 0 , 1.0308458963948879 , 2.6873413822999686 , -2.7699270626466217 , 0 , 0 , 0
38 ,Pre Correction, 0 , 1 , 1.0308458963948879 , 2.6873413822999686 , -2.7699270626466217 , 0 , -0.08258568034665315
38 ,Post Correction, 0 , 1 , 1.0308458963948879 , 2.6873413822999686 , -2.7699270626466217 , 0 , 0 , 0
38 ,Pre Correction, 0 , 0 , 1.0308458963948879 , 2.6873413822999686 , -2.7699270626466217 , 0 , -2.7699270626466217
38 ,Post Correction, 0 , 0 , 1.0308458963948879 , 2.6873413822999686 , -2.7699270626466217 , 0 , 0 , 0
39 ,Pre Correction, 1 , 1 , 1.0308458963948879 , 2.6873413822999686 , -2.7699270626466217 , 1 , 0.9482602160482347
39 ,Post Correction, 1 , 1 , 1.0308458963948879 , 2.6873413822999686 , -2.7699270626466217 , 1 , 1 , 0
39 ,Pre Correction, 1 , 0 , 1.0308458963948879 , 2.6873413822999686 , -2.7699270626466217 , 0 , -1.7390811662517338
39 ,Post Correction, 1 , 0 , 1.0308458963948879 , 2.6873413822999686 , -2.7699270626466217 , 0 , 0 , 0
39 ,Pre Correction, 0 , 1 , 1.0308458963948879 , 2.6873413822999686 , -2.7699270626466217 , 0 , -0.08258568034665315
39 ,Post Correction, 0 , 1 , 1.0308458963948879 , 2.6873413822999686 , -2.7699270626466217 , 0 , 0 , 0
39 ,Pre Correction, 0 , 0 , 1.0308458963948879 , 2.6873413822999686 , -2.7699270626466217 , 0 , -2.7699270626466217
39 ,Post Correction, 0 , 0 , 1.0308458963948879 , 2.6873413822999686 , -2.7699270626466217 , 0 , 0 , 0
40 ,Pre Correction, 1 , 1 , 1.0308458963948879 , 2.6873413822999686 , -2.7699270626466217 , 1 , 0.9482602160482347
40 ,Post Correction, 1 , 1 , 1.0308458963948879 , 2.6873413822999686 , -2.7699270626466217 , 1 , 1 , 0
40 ,Pre Correction, 1 , 0 , 1.0308458963948879 , 2.6873413822999686 , -2.7699270626466217 , 0 , -1.7390811662517338
40 ,Post Correction, 1 , 0 , 1.0308458963948879 , 2.6873413822999686 , -2.7699270626466217 , 0 , 0 , 0
40 ,Pre Correction, 0 , 1 , 1.0308458963948879 , 2.6873413822999686 , -2.7699270626466217 , 0 , -0.08258568034665315
40 ,Post Correction, 0 , 1 , 1.0308458963948879 , 2.6873413822999686 , -2.7699270626466217 , 0 , 0 , 0
40 ,Pre Correction, 0 , 0 , 1.0308458963948879 , 2.6873413822999686 , -2.7699270626466217 , 0 , -2.7699270626466217
40 ,Post Correction, 0 , 0 , 1.0308458963948879 , 2.6873413822999686 , -2.7699270626466217 , 0 , 0 , 0
41 ,Pre Correction, 1 , 1 , 1.0308458963948879 , 2.6873413822999686 , -2.7699270626466217 , 1 , 0.9482602160482347
41 ,Post Correction, 1 , 1 , 1.0308458963948879 , 2.6873413822999686 , -2.7699270626466217 , 1 , 1 , 0
41 ,Pre Correction, 1 , 0 , 1.0308458963948879 , 2.6873413822999686 , -2.7699270626466217 , 0 , -1.7390811662517338
41 ,Post Correction, 1 , 0 , 1.0308458963948879 , 2.6873413822999686 , -2.7699270626466217 , 0 , 0 , 0
41 ,Pre Correction, 0 , 1 , 1.0308458963948879 , 2.6873413822999686 , -2.7699270626466217 , 0 , -0.08258568034665315
41 ,Post Correction, 0 , 1 , 1.0308458963948879 , 2.6873413822999686 , -2.7699270626466217 , 0 , 0 , 0
41 ,Pre Correction, 0 , 0 , 1.0308458963948879 , 2.6873413822999686 , -2.7699270626466217 , 0 , -2.7699270626466217
41 ,Post Correction, 0 , 0 , 1.0308458963948879 , 2.6873413822999686 , -2.7699270626466217 , 0 , 0 , 0
42 ,Pre Correction, 1 , 1 , 1.0308458963948879 , 2.6873413822999686 , -2.7699270626466217 , 1 , 0.9482602160482347
42 ,Post Correction, 1 , 1 , 1.0308458963948879 , 2.6873413822999686 , -2.7699270626466217 , 1 , 1 , 0
42 ,Pre Correction, 1 , 0 , 1.0308458963948879 , 2.6873413822999686 , -2.7699270626466217 , 0 , -1.7390811662517338
42 ,Post Correction, 1 , 0 , 1.0308458963948879 , 2.6873413822999686 , -2.7699270626466217 , 0 , 0 , 0
42 ,Pre Correction, 0 , 1 , 1.0308458963948879 , 2.6873413822999686 , -2.7699270626466217 , 0 , -0.08258568034665315
42 ,Post Correction, 0 , 1 , 1.0308458963948879 , 2.6873413822999686 , -2.7699270626466217 , 0 , 0 , 0
42 ,Pre Correction, 0 , 0 , 1.0308458963948879 , 2.6873413822999686 , -2.7699270626466217 , 0 , -2.7699270626466217
42 ,Post Correction, 0 , 0 , 1.0308458963948879 , 2.6873413822999686 , -2.7699270626466217 , 0 , 0 , 0
43 ,Pre Correction, 1 , 1 , 1.0308458963948879 , 2.6873413822999686 , -2.7699270626466217 , 1 , 0.9482602160482347
43 ,Post Correction, 1 , 1 , 1.0308458963948879 , 2.6873413822999686 , -2.7699270626466217 , 1 , 1 , 0
43 ,Pre Correction, 1 , 0 , 1.0308458963948879 , 2.6873413822999686 , -2.7699270626466217 , 0 , -1.7390811662517338
43 ,Post Correction, 1 , 0 , 1.0308458963948879 , 2.6873413822999686 , -2.7699270626466217 , 0 , 0 , 0
43 ,Pre Correction, 0 , 1 , 1.0308458963948879 , 2.6873413822999686 , -2.7699270626466217 , 0 , -0.08258568034665315
43 ,Post Correction, 0 , 1 , 1.0308458963948879 , 2.6873413822999686 , -2.7699270626466217 , 0 , 0 , 0
43 ,Pre Correction, 0 , 0 , 1.0308458963948879 , 2.6873413822999686 , -2.7699270626466217 , 0 , -2.7699270626466217
43 ,Post Correction, 0 , 0 , 1.0308458963948879 , 2.6873413822999686 , -2.7699270626466217 , 0 , 0 , 0
44 ,Pre Correction, 1 , 1 , 1.0308458963948879 , 2.6873413822999686 , -2.7699270626466217 , 1 , 0.9482602160482347
44 ,Post Correction, 1 , 1 , 1.0308458963948879 , 2.6873413822999686 , -2.7699270626466217 , 1 , 1 , 0
44 ,Pre Correction, 1 , 0 , 1.0308458963948879 , 2.6873413822999686 , -2.7699270626466217 , 0 , -1.7390811662517338
44 ,Post Correction, 1 , 0 , 1.0308458963948879 , 2.6873413822999686 , -2.7699270626466217 , 0 , 0 , 0
44 ,Pre Correction, 0 , 1 , 1.0308458963948879 , 2.6873413822999686 , -2.7699270626466217 , 0 , -0.08258568034665315
44 ,Post Correction, 0 , 1 , 1.0308458963948879 , 2.6873413822999686 , -2.7699270626466217 , 0 , 0 , 0
44 ,Pre Correction, 0 , 0 , 1.0308458963948879 , 2.6873413822999686 , -2.7699270626466217 , 0 , -2.7699270626466217
44 ,Post Correction, 0 , 0 , 1.0308458963948879 , 2.6873413822999686 , -2.7699270626466217 , 0 , 0 , 0
45 ,Pre Correction, 1 , 1 , 1.0308458963948879 , 2.6873413822999686 , -2.7699270626466217 , 1 , 0.9482602160482347
45 ,Post Correction, 1 , 1 , 1.0308458963948879 , 2.6873413822999686 , -2.7699270626466217 , 1 , 1 , 0
45 ,Pre Correction, 1 , 0 , 1.0308458963948879 , 2.6873413822999686 , -2.7699270626466217 , 0 , -1.7390811662517338
45 ,Post Correction, 1 , 0 , 1.0308458963948879 , 2.6873413822999686 , -2.7699270626466217 , 0 , 0 , 0
45 ,Pre Correction, 0 , 1 , 1.0308458963948879 , 2.6873413822999686 , -2.7699270626466217 , 0 , -0.08258568034665315
45 ,Post Correction, 0 , 1 , 1.0308458963948879 , 2.6873413822999686 , -2.7699270626466217 , 0 , 0 , 0
45 ,Pre Correction, 0 , 0 , 1.0308458963948879 , 2.6873413822999686 , -2.7699270626466217 , 0 , -2.7699270626466217
45 ,Post Correction, 0 , 0 , 1.0308458963948879 , 2.6873413822999686 , -2.7699270626466217 , 0 , 0 , 0
46 ,Pre Correction, 1 , 1 , 1.0308458963948879 , 2.6873413822999686 , -2.7699270626466217 , 1 , 0.9482602160482347
46 ,Post Correction, 1 , 1 , 1.0308458963948879 , 2.6873413822999686 , -2.7699270626466217 , 1 , 1 , 0
46 ,Pre Correction, 1 , 0 , 1.0308458963948879 , 2.6873413822999686 , -2.7699270626466217 , 0 , -1.7390811662517338
46 ,Post Correction, 1 , 0 , 1.0308458963948879 , 2.6873413822999686 , -2.7699270626466217 , 0 , 0 , 0
46 ,Pre Correction, 0 , 1 , 1.0308458963948879 , 2.6873413822999686 , -2.7699270626466217 , 0 , -0.08258568034665315
46 ,Post Correction, 0 , 1 , 1.0308458963948879 , 2.6873413822999686 , -2.7699270626466217 , 0 , 0 , 0
46 ,Pre Correction, 0 , 0 , 1.0308458963948879 , 2.6873413822999686 , -2.7699270626466217 , 0 , -2.7699270626466217
46 ,Post Correction, 0 , 0 , 1.0308458963948879 , 2.6873413822999686 , -2.7699270626466217 , 0 , 0 , 0
47 ,Pre Correction, 1 , 1 , 1.0308458963948879 , 2.6873413822999686 , -2.7699270626466217 , 1 , 0.9482602160482347
47 ,Post Correction, 1 , 1 , 1.0308458963948879 , 2.6873413822999686 , -2.7699270626466217 , 1 , 1 , 0
47 ,Pre Correction, 1 , 0 , 1.0308458963948879 , 2.6873413822999686 , -2.7699270626466217 , 0 , -1.7390811662517338
47 ,Post Correction, 1 , 0 , 1.0308458963948879 , 2.6873413822999686 , -2.7699270626466217 , 0 , 0 , 0
47 ,Pre Correction, 0 , 1 , 1.0308458963948879 , 2.6873413822999686 , -2.7699270626466217 , 0 , -0.08258568034665315
47 ,Post Correction, 0 , 1 , 1.0308458963948879 , 2.6873413822999686 , -2.7699270626466217 , 0 , 0 , 0
47 ,Pre Correction, 0 , 0 , 1.0308458963948879 , 2.6873413822999686 , -2.7699270626466217 , 0 , -2.7699270626466217
47 ,Post Correction, 0 , 0 , 1.0308458963948879 , 2.6873413822999686 , -2.7699270626466217 , 0 , 0 , 0
48 ,Pre Correction, 1 , 1 , 1.0308458963948879 , 2.6873413822999686 , -2.7699270626466217 , 1 , 0.9482602160482347
48 ,Post Correction, 1 , 1 , 1.0308458963948879 , 2.6873413822999686 , -2.7699270626466217 , 1 , 1 , 0
48 ,Pre Correction, 1 , 0 , 1.0308458963948879 , 2.6873413822999686 , -2.7699270626466217 , 0 , -1.7390811662517338
48 ,Post Correction, 1 , 0 , 1.0308458963948879 , 2.6873413822999686 , -2.7699270626466217 , 0 , 0 , 0
48 ,Pre Correction, 0 , 1 , 1.0308458963948879 , 2.6873413822999686 , -2.7699270626466217 , 0 , -0.08258568034665315
48 ,Post Correction, 0 , 1 , 1.0308458963948879 , 2.6873413822999686 , -2.7699270626466217 , 0 , 0 , 0
48 ,Pre Correction, 0 , 0 , 1.0308458963948879 , 2.6873413822999686 , -2.7699270626466217 , 0 , -2.7699270626466217
48 ,Post Correction, 0 , 0 , 1.0308458963948879 , 2.6873413822999686 , -2.7699270626466217 , 0 , 0 , 0
49 ,Pre Correction, 1 , 1 , 1.0308458963948879 , 2.6873413822999686 , -2.7699270626466217 , 1 , 0.9482602160482347
49 ,Post Correction, 1 , 1 , 1.0308458963948879 , 2.6873413822999686 , -2.7699270626466217 , 1 , 1 , 0
49 ,Pre Correction, 1 , 0 , 1.0308458963948879 , 2.6873413822999686 , -2.7699270626466217 , 0 , -1.7390811662517338
49 ,Post Correction, 1 , 0 , 1.0308458963948879 , 2.6873413822999686 , -2.7699270626466217 , 0 , 0 , 0
49 ,Pre Correction, 0 , 1 , 1.0308458963948879 , 2.6873413822999686 , -2.7699270626466217 , 0 , -0.08258568034665315
49 ,Post Correction, 0 , 1 , 1.0308458963948879 , 2.6873413822999686 , -2.7699270626466217 , 0 , 0 , 0
49 ,Pre Correction, 0 , 0 , 1.0308458963948879 , 2.6873413822999686 , -2.7699270626466217 , 0 , -2.7699270626466217
49 ,Post Correction, 0 , 0 , 1.0308458963948879 , 2.6873413822999686 , -2.7699270626466217 , 0 , 0 , 0
50 ,Pre Correction, 1 , 1 , 1.0308458963948879 , 2.6873413822999686 , -2.7699270626466217 , 1 , 0.9482602160482347
50 ,Post Correction, 1 , 1 , 1.0308458963948879 , 2.6873413822999686 , -2.7699270626466217 , 1 , 1 , 0
50 ,Pre Correction, 1 , 0 , 1.0308458963948879 , 2.6873413822999686 , -2.7699270626466217 , 0 , -1.7390811662517338
50 ,Post Correction, 1 , 0 , 1.0308458963948879 , 2.6873413822999686 , -2.7699270626466217 , 0 , 0 , 0
50 ,Pre Correction, 0 , 1 , 1.0308458963948879 , 2.6873413822999686 , -2.7699270626466217 , 0 , -0.08258568034665315
50 ,Post Correction, 0 , 1 , 1.0308458963948879 , 2.6873413822999686 , -2.7699270626466217 , 0 , 0 , 0
50 ,Pre Correction, 0 , 0 , 1.0308458963948879 , 2.6873413822999686 , -2.7699270626466217 , 0 , -2.7699270626466217
50 ,Post Correction, 0 , 0 , 1.0308458963948879 , 2.6873413822999686 , -2.7699270626466217 , 0 , 0 , 0
