CardNo,Location,Designation,TACategory,dob,Age,Basic
1765,Noida,Business Head,II,01-06-1957,63.00,2.57
3208,Noida,Head,II,27-02-1963,57.00,2.65
1510,Noida,Head,II,12-04-1965,55.00,2.65
0037,Noida,Assistant General Manager,V,10-04-1953,67.00,0.83
1762,Noida,Head,I,30-06-1965,55.00,2.64
5141,Noida,Head,II,04-05-1961,59.00,2.60
0022,Noida,Head,II,05-12-1960,60.00,2.49
0325,Noida,Head,II,18-01-1965,55.00,2.39
5009,Noida,Head,II,20-06-1966,54.00,2.38
5233,Noida,Head,II,17-06-1966,54.00,2.25
5147,Noida,Business Head,II,18-04-1967,53.00,1.88
5206,Noida,Sr. Vice President,III,17-07-1966,54.00,1.70
1241,Noida,Head,II,10-08-1968,52.00,2.38
1846,Noida,Sr. Vice President,IIIA,10-01-1967,53.00,1.57
0122,Noida,Executive I,VIII,21-06-1971,49.00,0.33
0321,Noida,Sr. Vice President,IIIA,27-09-1964,56.00,1.56
0290,Noida,Sr. Vice President,IIIA,31-12-1957,63.00,1.49
2258,Noida,Sr. Vice President,IIIA,27-01-1967,53.00,1.42
0482,Noida,Sr. Vice President,IIIA,03-09-1954,66.00,1.42
1239,Pune,Associate Vice President,IV,15-12-1963,57.00,1.19
0861,Noida,Associate Vice President,IIIB,07-07-1966,54.00,1.18
0016,Noida,Sr. Vice President,IIIA,06-01-1956,64.00,1.41
0144,Noida,Assistant Manager,VII,28-07-1968,52.00,0.37
0147,Noida,Senior Manager,VI,19-07-1972,48.00,0.62
0148,Noida,Manager,VII,25-05-1970,50.00,0.53
0150,Noida,Deputy Manager,VII,06-06-1970,50.00,0.38
0057,Noida,Sr. Vice President,IIIA,18-08-1970,50.00,1.37
2110,Noida,Associate Vice President,IV,26-09-1966,54.00,1.06
2532,Noida,Associate Vice President,IIIB,01-07-1967,53.00,1.05
3004,Noida,General Manager,IV,12-03-1962,58.00,1.04
0054,Noida,General Manager,IV,01-05-1962,58.00,0.99
0180,Noida,Deputy Manager,VII,05-05-1970,50.00,0.44
0199,Noida,Officer-III,IX,30-05-1970,50.00,0.25
3075,Noida,Deputy General Manager,V,11-05-1967,53.00,0.97
0216,Noida,Officer-I,VIII,20-05-1969,51.00,0.32
0218,Noida,Executive I,VII,24-06-1974,46.00,0.41
0219,Noida,Assistant Officer,IX,07-12-1968,52.00,0.22
1903,Noida,General Manager,IV,17-05-1965,55.00,0.97
1356,Noida,General Manager,IV,23-04-1961,59.00,0.97
2510,Noida,General Manager,IV,04-01-1962,58.00,0.97
1413,Noida,General Manager,IV,29-05-1967,53.00,0.96
0229,Noida,Officer-III,VIII,10-01-1976,44.00,0.25
0042,Noida,General Manager,IV,05-03-1961,59.00,0.93
3069,Noida,Associate Vice President,IIIB,01-04-1963,57.00,0.90
5014,Noida,General Manager,IV,19-04-1960,60.00,0.89
2829,Noida,General Manager,IV,18-08-1962,58.00,0.88
0252,Noida,Officer-I,VIII,20-06-1971,49.00,0.29
0273,Noida,Junior Assitant,XII,11-11-1968,52.00,0.05
0040,Noida,Deputy General Manager,V,02-09-1962,58.00,0.86
0295,Noida,General Manager,IV,03-02-1975,45.00,0.90
3691,Site,Assistant General Manager,V,16-08-1966,54.00,0.76
0075,Noida,Assistant General Manager,V,15-12-1960,60.00,0.75
3207,Noida,Assistant General Manager,V,15-09-1964,56.00,0.75
2683,Noida,Vice President,IIIB,29-12-1969,51.00,1.30
0330,Noida,Assistant General Manager,V,18-08-1973,47.00,0.74
3401,Site,Assistant General Manager,V,05-12-1965,55.00,0.74
0357,Site,Assistant General Manager,V,01-03-1959,61.00,0.79
1709,Pune,Deputy General Manager,V,01-06-1965,55.00,0.73
0381,Noida,Deputy General Manager,V,01-11-1969,51.00,0.80
2299,Chennai,Vice President,IIIB,03-11-1970,50.00,1.30
0389,Noida,Senior Engineer,VIII,05-07-1975,45.00,0.30
0079,Noida,Vice President,IIIB,04-09-1969,51.00,1.29
0439,Noida,General Manager,V,09-12-1974,46.00,0.92
0477,Noida,Manager,VI,10-12-1974,46.00,0.57
0479,Noida,Officer-I,VIII,14-08-1979,41.00,0.28
0480,Site,Manager,VI,05-12-1968,52.00,0.49
0036,Noida,Vice President,IIIB,23-05-1963,57.00,1.30
0495,Noida,Deputy General Manager,IV,22-08-1970,50.00,0.86
0498,Noida,Assistant Manager,VII,14-01-1972,48.00,0.36
0516,Site,Manager,VII,01-12-1976,44.00,0.49
0521,Noida,Deputy Manager,VII,01-07-1972,48.00,0.45
0544,Noida,Senior Manager,VI,30-12-1982,38.00,0.62
0552,Noida,Assistant General Manager,IV,17-09-1969,51.00,0.68
0056,Noida,Vice President,IIIB,27-08-1970,50.00,1.28
0565,Chennai,Senior Manager,VI,03-03-1982,38.00,0.60
0586,Site,Deputy Manager,VII,13-03-1976,44.00,0.44
0588,Noida,Assistant Manager,VIII,05-01-1970,50.00,0.34
0590,Noida,Assistant Design Controller,VII,09-03-1985,35.00,0.33
3645,Chennai,Assistant General Manager,V,06-07-1965,55.00,0.72
0592,Noida,Associate Vice President,IV,16-01-1973,47.00,1.14
0619,Noida,Officer-II,VIII,05-12-1978,42.00,0.24
0620,Site,Manager,VI,01-07-1972,48.00,0.60
0627,Noida,Designer,VIII,20-08-1984,36.00,0.22
0631,Noida,Assistant Design Controller,VII,05-03-1980,40.00,0.31
0633,Noida,Designer,IX,15-03-1988,32.00,0.22
0635,Noida,Engineer-II,IX,17-12-1982,38.00,0.24
0636,Noida,Assistant Engineer,IX,04-02-1983,37.00,0.19
0638,Noida,Assistant Engineer,IX,02-10-1983,37.00,0.20
0639,Noida,Assistant Manager,VII,27-12-1984,36.00,0.35
0649,Site,Manager,VII,15-04-1974,46.00,0.52
0654,Noida,Engineer-II,IX,15-06-1980,40.00,0.23
0657,Noida,Deputy Manager,VII,15-08-1983,37.00,0.41
0668,Noida,Assistant Manager,VII,20-05-1977,43.00,0.38
0674,Noida,Assistant General Manager,V,15-05-1958,62.00,0.78
0679,Noida,Deputy Manager,VII,06-06-1973,47.00,0.40
0691,Noida,Deputy General Manager,V,28-02-1973,47.00,0.81
0693,Noida,Senior Engineer,VIII,02-08-1975,45.00,0.31
0705,Noida,Assistant Manager,VII,12-06-1980,40.00,0.36
0713,Noida,General Manager,IV,03-08-1972,48.00,0.91
0719,Noida,Assistant Manager,VIII,03-11-1981,39.00,0.41
0728,Pune,Senior Manager,VII,03-05-1981,39.00,0.56
0730,Site,Deputy Manager,VII,24-01-1972,48.00,0.36
0737,Noida,Assistant Manager,VIII,29-03-1983,37.00,0.35
0742,Noida,Designer,IX,20-07-1980,40.00,0.22
0746,Noida,Assistant General Manager,VI,05-05-1982,38.00,0.66
0747,Noida,Manager,VII,03-06-1977,43.00,0.54
0760,Noida,Officer-III,IX,20-08-1985,35.00,0.22
0762,Noida,Senior Engineer,VIII,14-08-1978,42.00,0.29
0765,Noida,Manager,VII,17-09-1978,42.00,0.55
0772,Noida,General Manager,IV,26-01-1972,48.00,1.02
0775,Noida,Deputy General Manager,IV,27-05-1973,47.00,0.78
0778,Noida,Designer,IX,20-09-1983,37.00,0.24
0779,Noida,Assistant Engineer,IX,30-01-1981,39.00,0.20
0782,Noida,Designer,IX,15-08-1983,37.00,0.23
0783,Noida,Manager,VI,11-07-1975,45.00,0.50
0789,Noida,Senior Manager,VI,10-07-1971,49.00,0.56
0793,Noida,Assistant Engineer,IX,04-10-1983,37.00,0.18
0797,Noida,Designer,VIII,13-11-1983,37.00,0.23
0800,Site,Senior Manager,VI,01-07-1969,51.00,0.59
0807,Noida,Engineer-II,VIII,16-08-1976,44.00,0.27
0820,Noida,Senior Manager,VII,20-01-1973,47.00,0.52
0823,Noida,Assistant Manager,VIII,31-05-1981,39.00,0.36
0830,Site,Assistant Manager,VII,03-07-1987,33.00,0.31
0841,Site,Assistant Manager,VIII,05-03-1988,32.00,0.32
0846,Noida,Manager,VII,11-06-1982,38.00,0.59
0856,Site,Senior Manager,VI,17-04-1972,48.00,0.65
0860,Noida,Deputy Manager,VII,11-06-1983,37.00,0.40
0069,Noida,Deputy General Manager,V,20-10-1960,60.00,0.72
0877,Site,Deputy Manager,VII,02-05-1982,38.00,0.44
0881,Noida,Engineer-II,VIII,18-06-1982,38.00,0.26
0885,Noida,Design Associate I,IX,01-07-1989,31.00,0.18
0895,Noida,Assistant Engineer,IX,10-12-1986,34.00,0.19
0896,Noida,Deputy Manager,VIII,26-08-1975,45.00,0.38
0898,Noida,Junior Officer,IX,06-03-1976,44.00,0.18
2688,Noida,Manager,VI,03-04-1964,56.00,0.71
0908,Noida,Manager,VI,05-09-1980,40.00,0.56
0923,Noida,Senior Manager,V,08-06-1982,38.00,0.54
0952,Site,Deputy Manager,VII,20-10-1980,40.00,0.43
0955,Noida,CHECKER I,VIII,25-07-1979,41.00,0.27
0958,Noida,Assistant Manager,VII,26-08-1974,46.00,0.38
0965,Noida,Deputy Manager,VII,02-12-1975,45.00,0.48
0975,Site,Assistant General Manager,V,19-08-1958,62.00,0.64
0980,Noida,CHECKER I,VIII,05-02-1981,39.00,0.27
0985,Noida,Engineer-II,IX,10-05-1977,43.00,0.24
0987,Noida,Assistant Manager,VIII,10-02-1979,41.00,0.38
0988,Noida,Senior Engineer,VIII,25-05-1980,40.00,0.32
0990,Noida,Engineer-II,VIII,06-04-1983,37.00,0.25
2093,Noida,Assistant General Manager,V,28-11-1965,55.00,0.68
0996,Noida,Assistant Officer,IX,14-06-1974,46.00,0.26
1006,Noida,Assistant Design Controller,VII,17-09-1978,42.00,0.34
1008,Noida,Officer-III,IX,01-07-1968,52.00,0.26
0555,Noida,Vice President,IIIB,27-07-1970,50.00,1.27
1013,Noida,Senior Engineer,VIII,01-06-1978,42.00,0.29
1027,Noida,Assistant Design Controller,VIII,31-07-1974,46.00,0.31
1032,Noida,Senior Engineer,VIII,15-01-1981,39.00,0.30
1042,Noida,Deputy Manager,VII,31-05-1982,38.00,0.34
1046,Noida,Engineer-II,IX,10-09-1984,36.00,0.24
1051,Site,Assistant Manager,VII,24-06-1975,45.00,0.40
1057,Chennai,Assistant Manager,VIII,09-05-1985,35.00,0.36
1059,Noida,Manager,VI,01-04-1983,37.00,0.47
1071,Noida,Manager,VI,24-08-1982,38.00,0.51
1100,Site,Assistant Manager,VIII,15-09-1969,51.00,0.33
1101,Noida,Deputy General Manager,IV,15-07-1973,47.00,0.84
1103,Noida,Assistant General Manager,V,05-11-1974,46.00,0.76
1119,Chennai,Assistant General Manager,V,20-07-1977,43.00,0.70
1123,Site,Deputy Manager,VII,13-12-1983,37.00,0.46
1134,Chennai,CHECKER I,VIII,26-08-1983,37.00,0.29
1136,Chennai,Assistant Manager,VII,09-03-1974,46.00,0.41
1138,Noida,Manager,VI,01-06-1976,44.00,0.52
1141,Chennai,Senior Engineer,VIII,20-07-1980,40.00,0.31
1142,Noida,Deputy Manager,VII,01-09-1984,36.00,0.46
1143,Site,Assistant Manager,VIII,10-12-1970,50.00,0.37
1147,Chennai,Manager,VII,19-06-1974,46.00,0.52
0340,Noida,Assistant General Manager,V,04-06-1971,49.00,0.66
1162,Noida,Deputy General Manager,V,18-07-1980,40.00,0.75
1166,Noida,Manager,VII,16-06-1978,42.00,0.58
1170,Chennai,Manager,VII,19-08-1983,37.00,0.58
1175,Chennai,Assistant Manager,VII,14-02-1972,48.00,0.37
1178,Noida,Assistant Manager,VIII,11-12-1974,46.00,0.31
1180,Site,Senior Engineer,VIII,15-02-1983,37.00,0.33
1184,Site,Assistant Engineer,IX,10-10-1985,35.00,0.19
1186,Noida,Engineer-II,IX,15-01-1976,44.00,0.21
1201,Noida,Deputy Manager,VII,29-01-1983,37.00,0.44
1202,Chennai,CHECKER I,VIII,03-03-1983,37.00,0.28
1204,Noida,Manager,VII,03-11-1978,42.00,0.59
1206,Noida,Senior Manager,V,01-04-1983,37.00,0.61
1211,Noida,Manager,VII,10-09-1981,39.00,0.53
1215,Noida,Senior Engineer,VIII,13-07-1983,37.00,0.31
1216,Site,Deputy Manager,VII,18-06-1985,35.00,0.45
1217,Noida,Deputy Manager,VII,20-05-1985,35.00,0.51
1227,Noida,Deputy Manager,VII,01-05-1970,50.00,0.45
1228,Noida,Senior Officer,VIII,09-10-1985,35.00,0.34
1233,Noida,Assistant Manager,VIII,12-05-1984,36.00,0.35
0591,Noida,Deputy General Manager,V,10-02-1964,56.00,0.68
2966,Noida,Senior Manager,V,16-02-1967,53.00,0.66
2883,Noida,Associate Vice President,IV,07-06-1969,51.00,1.26
1248,Chennai,Senior Engineer,VIII,07-03-1980,40.00,0.32
1258,Noida,Manager,VII,12-04-1983,37.00,0.50
1263,Chennai,Engineer-II,IX,23-01-1983,37.00,0.23
1271,Site,Senior Engineer,VIII,05-01-1982,38.00,0.32
1273,Chennai,Assistant Manager,VII,23-07-1981,39.00,0.38
1278,Noida,Senior Manager,V,15-07-1969,51.00,0.60
1279,Site,Deputy Manager,VII,04-05-1981,39.00,0.40
0995,Noida,Senior Manager,V,09-07-1967,53.00,0.66
1282,Chennai,Senior Manager,VII,07-06-1981,39.00,0.58
1285,Noida,Deputy Manager,VII,31-07-1984,36.00,0.41
1293,Noida,Junior Engineer,IX,04-01-1986,34.00,0.16
1295,Noida,Junior Engineer,IX,03-01-1988,32.00,0.15
1296,Noida,Assistant Engineer,IX,09-09-1988,32.00,0.18
1298,Noida,Assistant Engineer,IX,16-07-1984,36.00,0.18
1299,Noida,Design Associate I,IX,17-02-1986,34.00,0.16
1300,Chennai,Engineer-II,VIII,01-11-1982,38.00,0.26
1243,Chennai,Vice President,IIIB,18-06-1972,48.00,1.26
1305,Noida,Senior Manager,V,09-07-1980,40.00,0.60
1308,Chennai,CHECKER I,IX,13-06-1985,35.00,0.25
1309,Chennai,Deputy Manager,VII,13-04-1980,40.00,0.43
1310,Chennai,Engineer-II,IX,09-11-1981,39.00,0.26
1314,Noida,Deputy Manager,VII,30-05-1985,35.00,0.52
1327,Chennai,Assistant Manager,VII,16-12-1975,45.00,0.38
2442,Noida,Senior Manager,VI,30-08-1962,58.00,0.66
1330,Noida,Deputy Manager,VII,11-09-1985,35.00,0.45
1332,Noida,Deputy General Manager,V,15-12-1970,50.00,0.81
1333,Noida,Manager,VI,10-01-1984,36.00,0.50
1334,Noida,Deputy Manager,VII,21-01-1983,37.00,0.42
1338,Noida,Senior Manager,V,01-01-1979,41.00,0.53
1340,Noida,Deputy Manager,VII,19-07-1984,36.00,0.49
1344,Noida,Assistant Engineer,IX,05-10-1981,39.00,0.21
1353,Chennai,Deputy Manager,VII,10-05-1984,36.00,0.43
1558,Site,Deputy General Manager,V,17-06-1963,57.00,0.65
1360,Noida,Assistant General Manager,VI,26-09-1982,38.00,0.62
1361,Chennai,Assistant Manager,VII,30-07-1978,42.00,0.38
1369,Noida,Deputy Manager,VII,23-05-1979,41.00,0.45
1387,Noida,Manager,VII,21-05-1983,37.00,0.49
1394,Noida,Vice President,IIIB,20-05-1972,48.00,1.25
1403,Noida,Assistant Manager,VIII,06-01-1988,32.00,0.36
1412,Noida,Assistant Manager,VII,07-07-1981,39.00,0.37
3651,Noida,Senior Manager,V,26-06-1966,54.00,0.64
2649,Site,Manager,VI,15-04-1965,55.00,0.63
1418,Site,Deputy Manager,VII,26-08-1983,37.00,0.48
1422,Chennai,Deputy Manager,VII,06-07-1983,37.00,0.46
1562,Noida,Associate Vice President,IIIB,25-08-1969,51.00,1.23
1438,Chennai,Manager,VII,02-06-1980,40.00,0.52
1449,Chennai,Senior Manager,VII,02-03-1979,41.00,0.51
1453,Noida,Assistant Manager,VII,01-08-1983,37.00,0.36
1459,Site,Deputy Manager,VII,22-06-1975,45.00,0.37
1469,Noida,Assistant Manager,VII,27-08-1983,37.00,0.42
0903,Noida,Senior Manager,V,16-02-1963,57.00,0.62
1480,Noida,Manager,VI,21-05-1980,40.00,0.48
1483,Noida,Assistant Manager,VII,11-03-1985,35.00,0.36
1500,Noida,Assistant Manager,VIII,10-09-1987,33.00,0.35
1503,Chennai,Deputy Manager,VII,13-10-1979,41.00,0.44
1505,Site,Deputy Manager,VII,02-07-1981,39.00,0.44
1509,Noida,Senior Manager,V,08-04-1980,40.00,0.55
2051,Noida,Associate Vice President,IIIB,05-07-1971,49.00,1.22
1511,Noida,Manager,VII,01-01-1982,38.00,0.59
1512,Noida,Junior Engineer,IX,18-10-1982,38.00,0.19
1517,Site,Deputy Manager,VII,01-03-1984,36.00,0.45
1532,Noida,General Manager,IV,12-05-1970,50.00,0.85
1534,Chennai,Deputy Manager,VII,28-03-1980,40.00,0.45
1535,Site,Deputy Manager,VII,22-05-1984,36.00,0.44
1536,Noida,Deputy Manager,VII,11-06-1980,40.00,0.42
1538,Noida,Senior Manager,V,24-06-1977,43.00,0.60
1542,Site,Manager,VII,15-01-1983,37.00,0.48
1544,Site,Engineer-II,IX,18-04-1987,33.00,0.28
1549,Site,Assistant Manager,VIII,03-04-1985,35.00,0.37
1552,Noida,Design Associate I,IX,04-12-1988,32.00,0.17
1553,Noida,Design Associate I,IX,12-10-1987,33.00,0.17
1556,Chennai,Senior Manager,V,17-01-1977,43.00,0.52
1557,Noida,Deputy Manager,VII,09-02-1984,36.00,0.44
1695,Noida,Senior Manager,V,15-11-1965,55.00,0.62
1560,Noida,General Manager,IV,02-10-1973,47.00,0.88
2236,Noida,Vice President,IIIB,03-10-1972,48.00,1.21
1577,Noida,Deputy Manager,VII,14-12-1980,40.00,0.47
1580,Site,Assistant Manager,VII,15-04-1984,36.00,0.39
1581,Chennai,CHECKER I,VIII,28-12-1982,38.00,0.25
1582,Noida,Assistant Engineer,IX,10-12-1978,42.00,0.19
1589,Noida,Engineer-II,VIII,01-03-1976,44.00,0.25
1590,Noida,Design Associate I,IX,15-05-1988,32.00,0.16
1593,Noida,Deputy Manager,VII,06-10-1985,35.00,0.41
1600,Site,Deputy Manager,VII,15-08-1969,51.00,0.38
1613,Site,Deputy Manager,VII,28-03-1975,45.00,0.40
1615,Noida,Senior Manager,V,05-10-1981,39.00,0.63
0082,Noida,Senior Manager,V,02-01-1963,57.00,0.61
1620,Noida,Deputy Manager,VII,17-05-1985,35.00,0.47
1624,Noida,Assistant Manager,VII,27-09-1985,35.00,0.35
1628,Noida,Deputy Manager,VII,01-07-1983,37.00,0.44
1629,Pune,Assistant Manager,VII,01-06-1975,45.00,0.39
1640,Noida,Assistant Manager,VII,01-03-1986,34.00,0.38
1652,Site,Assistant Engineer,IX,05-02-1991,29.00,0.18
1654,Site,Engineer-II,IX,21-12-1991,29.00,0.20
1660,Noida,Senior Manager,V,08-11-1982,38.00,0.53
1661,Pune,CHECKER I,VIII,03-10-1980,40.00,0.26
1669,Noida,Junior Engineer,IX,10-04-1985,35.00,0.15
1670,Noida,Design Associate I,IX,08-03-1990,30.00,0.15
1671,Noida,Design Associate I,IX,13-12-1989,31.00,0.16
1672,Noida,Junior Engineer,IX,28-01-1991,29.00,0.14
1674,Noida,Junior Engineer,IX,08-03-1986,34.00,0.14
1688,Noida,Assistant Manager,VII,16-10-1987,33.00,0.34
0123,Noida,Senior Manager,V,13-03-1960,60.00,0.61
1698,Noida,Assistant Manager,VII,14-07-1981,39.00,0.41
1703,Pune,Deputy Design Controller,VII,15-04-1978,42.00,0.43
1707,Noida,Deputy Manager,VII,18-08-1983,37.00,0.38
1708,Noida,Deputy General Manager,IV,01-07-1971,49.00,0.71
2127,Site,Senior Manager,V,13-01-1967,53.00,0.60
1713,Noida,Assistant Manager,VIII,05-12-1986,34.00,0.36
1716,Noida,Manager,VII,20-11-1981,39.00,0.64
1728,Noida,Engineer-II,VIII,10-01-1970,50.00,0.24
1730,Site,Manager,VII,14-06-1977,43.00,0.54
1731,Noida,Assistant General Manager,VI,01-08-1982,38.00,0.60
1733,Noida,Assistant Manager,VIII,16-10-1977,43.00,0.41
1741,Noida,Assistant Manager,VII,26-02-1988,32.00,0.37
1742,Noida,Deputy General Manager,IV,10-04-1971,49.00,0.89
1743,Site,Assistant Manager,VIII,06-05-1983,37.00,0.37
1745,Site,Assistant Manager,VII,03-05-1984,36.00,0.34
1749,Site,Deputy Manager,VII,28-11-1980,40.00,0.48
1750,Noida,Assistant Engineer,IX,08-04-1984,36.00,0.21
1752,Noida,Assistant General Manager,V,27-02-1977,43.00,0.72
1758,Noida,Deputy Manager,VII,27-08-1978,42.00,0.44
1759,Pune,Assistant Design Controller,VII,14-06-1976,44.00,0.33
1416,Site,Senior Manager,V,06-08-1964,56.00,0.60
3044,Noida,Vice President,IIIA,01-08-1961,59.00,1.25
1766,Site,Deputy Manager,VII,09-12-1981,39.00,0.41
1775,Noida,Deputy Manager,VII,27-02-1977,43.00,0.36
1780,Site,Assistant Manager,VII,22-04-1975,45.00,0.36
1782,Site,Senior Engineer,VIII,25-05-1987,33.00,0.32
1788,Noida,Senior Manager,VII,13-01-1974,46.00,0.55
1789,Noida,Assistant Manager,VII,13-04-1984,36.00,0.42
1801,Noida,Manager,VII,03-07-1979,41.00,0.50
1805,Noida,Manager,VII,03-11-1973,47.00,0.56
1806,Noida,Assistant Manager,VIII,09-02-1987,33.00,0.36
1811,Noida,Deputy Manager,VII,01-04-1983,37.00,0.47
1812,Noida,Senior Engineer,VIII,26-11-1983,37.00,0.30
1816,Site,Senior Engineer,VIII,24-07-1985,35.00,0.33
1818,Noida,Associate Vice President,IV,16-12-1975,45.00,1.02
1822,Noida,Officer-III,IX,12-12-1981,39.00,0.28
1824,Noida,Deputy Manager,VII,25-05-1986,34.00,0.42
1825,Chennai,Senior Officer,VIII,31-07-1968,52.00,0.42
1826,Noida,Assistant Manager,VIII,17-09-1982,38.00,0.32
1832,Noida,Assistant General Manager,V,28-03-1980,40.00,0.63
1833,Noida,Senior Manager,VI,22-08-1955,65.00,0.55
1837,Noida,Officer-I,VIII,21-06-1975,45.00,0.30
1838,Noida,Assistant Manager,VII,09-04-1987,33.00,0.34
1841,Noida,Deputy Manager,VII,22-10-1979,41.00,0.51
1844,Chennai,Engineer-II,IX,07-10-1985,35.00,0.21
2500,Noida,Assistant General Manager,V,01-06-1964,56.00,0.59
1849,Noida,Manager,VII,15-08-1982,38.00,0.52
1851,Site,Deputy Manager,VII,06-06-1984,36.00,0.46
1856,Noida,Senior Manager,V,21-12-1979,41.00,0.61
1857,Noida,Deputy Manager,VII,03-04-1985,35.00,0.43
1871,Chennai,Assistant General Manager,V,19-07-1978,42.00,0.72
1873,Noida,Assistant Manager,VII,08-01-1986,34.00,0.35
1874,Pune,Manager,VII,30-07-1977,43.00,0.53
1881,Site,Assistant Manager,VII,02-07-1980,40.00,0.35
1885,Noida,Manager,VII,09-04-1980,40.00,0.49
1886,Noida,General Manager,IV,11-09-1968,52.00,1.04
1896,Site,Assistant Manager,VIII,02-04-1977,43.00,0.42
1897,Noida,Manager,VI,15-07-1983,37.00,0.59
1280,Noida,Senior Manager,V,15-05-1965,55.00,0.58
1906,Site,Engineer-II,IX,01-01-1984,36.00,0.24
1909,Noida,Senior Engineer,VIII,28-11-1987,33.00,0.31
1910,Noida,Assistant Manager,VIII,26-01-1984,36.00,0.39
1912,Site,Assistant Manager,VIII,15-12-1986,34.00,0.34
1913,Chennai,CHECKER I,VIII,15-06-1981,39.00,0.27
1917,Noida,Deputy Manager,VII,10-03-1979,41.00,0.53
1924,Noida,Engineer-II,VIII,06-07-1988,32.00,0.26
1927,Noida,Senior Manager,VI,30-06-1979,41.00,0.61
1932,Noida,Design Associate I,IX,05-01-1984,36.00,0.19
1935,Pune,Associate Vice President,IV,15-03-1973,47.00,0.89
1939,Noida,Senior Manager,V,01-06-1974,46.00,0.53
1942,Noida,Deputy Manager,VII,06-08-1980,40.00,0.43
1946,Chennai,Senior Engineer,VIII,06-06-1988,32.00,0.33
1972,Noida,Senior Engineer,VIII,21-05-1985,35.00,0.34
1974,Noida,Deputy Manager,VII,06-01-1986,34.00,0.43
1975,Chennai,Manager,VII,22-08-1981,39.00,0.56
1976,Kolkata,Deputy General Manager,IV,01-01-1973,47.00,0.78
1978,Noida,Senior Officer,VIII,24-09-1977,43.00,0.36
1981,Noida,Design Associate IV,IX,01-09-1991,29.00,0.12
1982,Noida,Design Associate III,IX,03-03-1990,30.00,0.13
1983,Noida,Design Associate II,IX,20-12-1991,29.00,0.12
1988,Noida,Design Associate II,IX,19-10-1991,29.00,0.14
1989,Noida,Design Associate III,IX,29-01-1992,28.00,0.13
1990,Noida,Design Associate IV,IX,14-10-1990,30.00,0.12
1994,Noida,Deputy Manager,VIII,19-07-1986,34.00,0.37
1995,Noida,Assistant Design Controller,VIII,12-03-1982,38.00,0.32
2008,Noida,Assistant Manager,VIII,15-11-1985,35.00,0.32
2010,Noida,Design Associate III,IX,23-09-1989,31.00,0.12
2013,Noida,Assistant Manager,VIII,02-01-1986,34.00,0.34
2017,Noida,Deputy Manager,VII,06-01-1984,36.00,0.44
2023,Noida,Manager,VI,14-12-1983,37.00,0.51
2027,Noida,Deputy Manager,VII,05-12-1975,45.00,0.39
2028,Noida,Assistant Manager,VIII,24-07-1979,41.00,0.40
2030,Noida,Assistant General Manager,V,24-08-1978,42.00,0.68
2035,Pune,Engineer-II,VIII,03-04-1986,34.00,0.23
2038,Noida,Manager,VII,24-04-1981,39.00,0.56
2043,Noida,Executive I,VII,10-07-1976,44.00,0.40
2047,Noida,General Manager,IV,07-12-1971,49.00,0.97
0400,Noida,Associate Vice President,III,01-01-1972,48.00,1.17
2059,Site,Assistant Engineer,IX,20-05-1986,34.00,0.24
2064,Noida,Executive I,VIII,14-08-1982,38.00,0.32
2067,Site,Senior Engineer,VIII,01-07-1974,46.00,0.31
2068,Pune,Manager,VI,15-02-1980,40.00,0.51
2073,Chennai,Senior Engineer,VIII,23-05-1989,31.00,0.27
2075,Noida,Deputy General Manager,V,05-12-1970,50.00,0.73
2079,Noida,Senior Engineer,VIII,05-04-1985,35.00,0.28
2080,Noida,Design Associate I,IX,11-03-1985,35.00,0.21
2081,Noida,Assistant Engineer,IX,07-03-1988,32.00,0.21
2090,Noida,Assistant Design Controller,VIII,01-05-1968,52.00,0.39
0335,Noida,Senior Manager,VI,17-10-1973,47.00,0.57
2094,Noida,Manager,VII,05-09-1982,38.00,0.46
2095,Noida,Senior Manager,V,30-06-1976,44.00,0.63
2098,Pune,Assistant Design Controller,VIII,01-01-1976,44.00,0.33
2102,Noida,Manager,VII,27-08-1977,43.00,0.59
2103,Site,Assistant Manager,VII,11-06-1971,49.00,0.42
2108,Site,Engineer-II,IX,08-09-1980,40.00,0.26
0309,Site,Senior Manager,VI,10-12-1966,54.00,0.57
2111,Noida,Assistant General Manager,V,24-06-1978,42.00,0.62
2112,Noida,Deputy General Manager,V,25-01-1970,50.00,0.80
2113,Noida,Senior Manager,VII,19-01-1982,38.00,0.56
2114,Site,Senior Engineer,VIII,01-08-1987,33.00,0.34
2117,Noida,Deputy General Manager,V,16-02-1969,51.00,0.85
2122,Noida,Officer-I,VIII,16-06-1969,51.00,0.25
2769,Site,Manager,VI,28-01-1967,53.00,0.56
2128,Pune,Assistant Manager,VIII,09-12-1985,35.00,0.33
2129,Noida,Senior Manager,VI,15-07-1978,42.00,0.59
2130,Site,Assistant Engineer,IX,28-08-1985,35.00,0.24
2131,Site,Manager,VI,05-06-1971,49.00,0.55
2132,Site,Engineer-II,VIII,10-05-1987,33.00,0.20
2135,Noida,Manager,VII,31-07-1973,47.00,0.55
2139,Chennai,Senior Engineer,VIII,25-04-1985,35.00,0.30
2142,Noida,Deputy Manager,VII,01-08-1984,36.00,0.49
2146,Pune,Senior Manager,V,27-06-1973,47.00,0.64
2147,Noida,Senior Officer,VIII,22-05-1982,38.00,0.33
2148,Chennai,Assistant Manager,VII,07-02-1982,38.00,0.40
2151,Chennai,Manager,VII,14-04-1981,39.00,0.55
2154,Site,Assistant General Manager,V,21-09-1972,48.00,0.69
2157,Noida,Assistant General Manager,V,29-07-1979,41.00,0.73
2160,Noida,Deputy Manager,VII,10-03-1976,44.00,0.62
2163,Noida,Executive I,VII,02-01-1982,38.00,0.28
2164,Noida,Deputy Manager,VII,20-12-1981,39.00,0.39
2166,Site,Deputy Manager,VII,08-08-1980,40.00,0.49
2167,Site,Assistant Engineer,IX,01-06-1989,31.00,0.17
2168,Site,Senior Engineer,VIII,01-06-1987,33.00,0.28
2169,Site,Junior Engineer,IX,26-09-1989,31.00,0.20
2175,Noida,Senior Engineer,VIII,29-11-1990,30.00,0.28
2178,Noida,Senior Engineer,VIII,17-07-1989,31.00,0.28
2181,Noida,Assistant Manager,VII,15-10-1990,30.00,0.32
2182,Noida,Senior Engineer,VIII,20-06-1990,30.00,0.26
2186,Noida,Senior Engineer,VIII,14-04-1991,29.00,0.28
2189,Noida,Assistant Engineer,IX,18-10-1982,38.00,0.19
2191,Chennai,Assistant General Manager,VI,28-06-1978,42.00,0.62
2194,Chennai,Designer,IX,01-06-1988,32.00,0.21
2196,Noida,Assistant General Manager,V,05-05-1977,43.00,0.63
2197,Noida,Deputy Manager,VII,24-02-1983,37.00,0.46
2199,Noida,Assistant General Manager,VI,12-05-1980,40.00,0.61
2200,Chennai,Assistant General Manager,V,21-09-1977,43.00,0.68
2202,Noida,Senior Engineer,VIII,27-02-1984,36.00,0.33
2212,Noida,Manager,VI,02-07-1967,53.00,0.56
2221,Noida,Deputy Manager,VII,27-11-1984,36.00,0.44
2223,Noida,Manager,VII,26-04-1981,39.00,0.53
2224,Site,Manager,VI,13-07-1979,41.00,0.58
2225,Chennai,Manager,VII,11-12-1979,41.00,0.57
2226,Noida,Senior Engineer,VIII,22-11-1990,30.00,0.26
2228,Noida,Senior Engineer,VIII,15-12-1989,31.00,0.26
2229,Noida,Assistant General Manager,VI,09-09-1981,39.00,0.65
2230,Noida,Senior Officer,VIII,15-09-1978,42.00,0.28
0132,Noida,Manager,VI,02-09-1964,56.00,0.55
2237,Noida,Deputy Manager,VII,10-12-1984,36.00,0.36
2238,Noida,Manager,VI,25-11-1977,43.00,0.51
2239,Noida,Design Associate IV,IX,26-07-1990,30.00,0.11
2240,Noida,Senior Officer,VIII,01-10-1985,35.00,0.31
2242,Chennai,Deputy Manager,VII,04-07-1984,36.00,0.40
2245,Site,Senior Engineer,VIII,22-01-1977,43.00,0.26
2248,Noida,Senior Engineer,VIII,19-01-1987,33.00,0.33
2249,Noida,Senior Manager,VII,01-06-1977,43.00,0.57
2256,Noida,Assistant Manager,VIII,21-05-1985,35.00,0.40
5073,Noida,Vice President,IV,12-08-1961,59.00,1.16
2260,Noida,Assistant General Manager,V,18-03-1971,49.00,0.67
2261,Chennai,Deputy Manager,VII,02-12-1981,39.00,0.38
2264,Noida,Deputy Manager,VII,12-05-1985,35.00,0.40
2265,Noida,Deputy Manager,VIII,04-04-1986,34.00,0.37
2266,Noida,Senior Engineer,VIII,04-04-1981,39.00,0.31
2267,Noida,Senior Manager,V,28-03-1977,43.00,0.55
2269,Site,Deputy Manager,VII,25-05-1980,40.00,0.42
2270,Noida,Officer-I,VIII,14-10-1978,42.00,0.28
2272,Noida,Deputy General Manager,V,22-12-1971,49.00,0.77
2279,Chennai,Assistant Design Controller,VIII,14-06-1978,42.00,0.36
1301,Noida,Associate Vice President,IIIB,01-08-1969,51.00,1.12
2286,Noida,Design Associate I,IX,03-06-1988,32.00,0.20
2287,Noida,Assistant Manager,VIII,04-03-1986,34.00,0.36
2288,Chennai,Designer,IX,25-05-1987,33.00,0.21
2293,Noida,Deputy General Manager,V,31-05-1971,49.00,0.86
2295,Site,Senior Engineer,VIII,28-02-1987,33.00,0.32
2296,Noida,Assistant Manager,VIII,06-05-1985,35.00,0.37
2297,Noida,Assistant Manager,VII,20-06-1987,33.00,0.36
2298,Site,Senior Engineer,VIII,29-05-1971,49.00,0.36
5152,Noida,Associate Vice President,IIIB,11-03-1971,49.00,1.10
2301,Site,Deputy General Manager,IV,10-04-1969,51.00,1.05
2303,Noida,Senior Manager,V,01-12-1978,42.00,0.62
2305,Noida,Senior Manager,VI,29-11-1978,42.00,0.53
2306,Noida,Assistant Manager,VII,18-03-1988,32.00,0.34
2307,Chennai,Deputy Manager,VII,22-06-1982,38.00,0.36
2320,Noida,Officer-II,VIII,15-01-1982,38.00,0.22
2323,Noida,Deputy Manager,VII,18-07-1983,37.00,0.46
2324,Noida,Officer-I,VIII,05-01-1980,40.00,0.31
2325,Noida,Deputy Manager,VII,04-06-1979,41.00,0.46
2327,Noida,Manager,VI,25-05-1981,39.00,0.49
2343,Noida,Senior Engineer,VIII,20-12-1990,30.00,0.24
2347,Noida,Assistant Design Controller,VIII,07-11-1980,40.00,0.33
2349,Noida,Design Associate IV,IX,25-12-1994,26.00,0.11
2352,Noida,Senior Manager,V,21-01-1975,45.00,0.57
2354,Site,Manager,VI,17-03-1977,43.00,0.60
2356,Noida,Designer,VIII,26-06-1985,35.00,0.23
2359,Noida,Junior Engineer,IX,13-12-1986,34.00,0.17
2364,Site,Assistant Manager,VII,15-02-1986,34.00,0.32
2365,Noida,Engineer-II,VIII,05-06-1984,36.00,0.24
2368,Noida,Deputy Manager,VII,25-09-1976,44.00,0.37
2375,Noida,Assistant Engineer,IX,12-04-1987,33.00,0.22
2378,Site,Assistant Engineer,IX,02-03-1990,30.00,0.19
2382,Noida,Senior Manager,V,15-06-1980,40.00,0.61
2385,Noida,CHECKER I,VIII,15-08-1977,43.00,0.25
2393,Noida,Deputy Manager,VII,26-06-1983,37.00,0.52
2394,Site,Deputy Manager,VII,25-02-1980,40.00,0.42
2398,Noida,Supervisor,X,28-09-1980,40.00,0.16
2401,Site,Senior Engineer,VIII,15-02-1982,38.00,0.32
2402,Noida,Deputy Manager,VII,09-07-1979,41.00,0.46
3610,Noida,Assistant General Manager,IV,13-10-1966,54.00,0.55
2407,Noida,Deputy Manager,VII,08-07-1969,51.00,0.40
2408,Noida,Senior Manager,V,20-02-1978,42.00,0.58
2410,Site,Deputy Manager,VII,01-04-1981,39.00,0.40
2412,Noida,Assistant General Manager,V,11-12-1970,50.00,0.65
2414,Noida,Senior Officer,VIII,11-02-1982,38.00,0.30
2415,Site,Senior Engineer,VIII,02-01-1979,41.00,0.35
2416,Site,Senior Engineer,VIII,10-05-1986,34.00,0.27
2418,Site,Senior Engineer,VIII,04-05-1984,36.00,0.32
2424,Site,Manager,VI,16-07-1972,48.00,0.62
2426,Noida,Assistant Manager,VIII,13-01-1987,33.00,0.36
2431,Site,Senior Manager,V,29-06-1981,39.00,0.61
2432,Noida,Assistant Manager,VII,28-11-1985,35.00,0.35
2433,Noida,Senior Engineer,VIII,12-10-1979,41.00,0.36
2441,Noida,CHECKER I,IX,02-09-1985,35.00,0.26
0127,Noida,Manager,VI,01-07-1965,55.00,0.54
2444,Noida,Design Associate I,IX,16-10-1991,29.00,0.17
2447,Noida,Senior Manager,V,26-07-1978,42.00,0.58
2451,Noida,Manager,VII,28-10-1978,42.00,0.54
2452,Chennai,Deputy Manager,VII,07-12-1981,39.00,0.46
2454,Site,Manager,VI,30-11-1971,49.00,0.52
2455,Noida,Engineer-II,VIII,02-01-1982,38.00,0.25
2457,Site,Engineer-I,VIII,07-06-1989,31.00,0.28
3395,Noida,Senior Manager,V,10-10-1966,54.00,0.52
2462,Noida,Assistant Manager,VIII,15-09-1973,47.00,0.34
2466,Noida,Assistant Manager,VIII,26-01-1986,34.00,0.36
2470,Noida,Deputy Manager,VII,12-03-1983,37.00,0.43
2479,Noida,Deputy Manager,VII,16-07-1985,35.00,0.38
2480,Noida,Assistant Manager,VIII,18-01-1985,35.00,0.35
2481,Noida,Deputy Manager,VII,09-07-1982,38.00,0.44
2485,Noida,Deputy Manager,VII,07-10-1984,36.00,0.43
2489,Site,Deputy Manager,VII,15-01-1969,51.00,0.48
2492,Noida,Senior Engineer,VIII,14-08-1987,33.00,0.31
2494,Noida,Assistant Manager,VIII,29-04-1985,35.00,0.32
2495,Site,Senior Engineer,VIII,21-07-1980,40.00,0.31
2496,Noida,Assistant General Manager,V,09-01-1974,46.00,0.67
2497,Noida,Deputy Manager,VII,06-03-1982,38.00,0.41
0135,Noida,Manager,VII,31-05-1967,53.00,0.51
2503,Noida,Senior Engineer,VIII,05-02-1988,32.00,0.32
2504,Site,Engineer-I,VIII,18-08-1989,31.00,0.25
2506,Site,Senior Engineer,VIII,26-05-1988,32.00,0.29
2509,Site,Manager,VII,03-04-1973,47.00,0.57
2460,Noida,Deputy Manager,VII,01-07-1963,57.00,0.50
2512,Site,Assistant Manager,VII,12-10-1982,38.00,0.38
2514,Site,Deputy Manager,VIII,10-08-1984,36.00,0.42
2531,Site,Assistant Manager,VII,02-03-1986,34.00,0.30
0138,Noida,Manager,VII,10-05-1962,58.00,0.50
2535,Site,Engineer-I,VIII,18-05-1988,32.00,0.26
2537,Noida,Senior Engineer,VIII,15-12-1989,31.00,0.26
2538,Site,Deputy Manager,VII,09-08-1984,36.00,0.42
2540,Noida,Assistant Engineer,IX,06-01-1990,30.00,0.20
2541,Site,Deputy Manager,VII,01-07-1975,45.00,0.41
2542,Noida,Assistant Engineer,IX,27-12-1988,32.00,0.20
2546,Noida,Design Associate IV,IX,20-05-1994,26.00,0.09
2547,Noida,Design Associate IV,IX,29-12-1990,30.00,0.09
2548,Noida,Design Associate IV,IX,16-10-1992,28.00,0.09
2549,Noida,Design Associate IV,IX,29-12-1990,30.00,0.09
2554,Noida,Officer-II,VIII,17-02-1986,34.00,0.24
2555,Noida,Senior Engineer,VIII,27-05-1989,31.00,0.28
2557,Noida,Senior Engineer,VIII,15-04-1989,31.00,0.36
2558,Noida,Engineer-II,VIII,12-03-1984,36.00,0.24
2559,Noida,Assistant General Manager,V,24-03-1971,49.00,0.63
2563,Noida,Senior Officer,VIII,01-12-1977,43.00,0.32
2565,Noida,Assistant Manager,VII,15-04-1983,37.00,0.34
2566,Noida,Officer-II,VIII,17-09-1984,36.00,0.27
2570,Noida,Senior Manager,V,30-06-1976,44.00,0.58
2571,Chennai,Assistant Engineer,IX,24-07-1985,35.00,0.22
2577,Noida,Senior Manager,V,30-05-1977,43.00,0.62
2578,Site,Deputy Manager,VII,03-04-1983,37.00,0.43
1149,Noida,Senior Engineer,VIII,22-06-1978,42.00,0.33
2581,Noida,Manager,VI,27-02-1975,45.00,0.54
2583,Noida,Assistant General Manager,V,26-11-1971,49.00,0.67
2591,Noida,Manager,VI,02-09-1981,39.00,0.54
2597,Noida,Senior Engineer,VIII,01-01-1988,32.00,0.34
2598,Noida,Assistant Manager,VIII,13-09-1987,33.00,0.33
2600,Chennai,Assistant Engineer,IX,04-05-1984,36.00,0.22
2602,Noida,Designer,IX,18-01-1984,36.00,0.22
2606,Noida,Assistant Manager,VII,24-10-1979,41.00,0.38
2609,Noida,Assistant Engineer,IX,02-10-1984,36.00,0.21
2610,Noida,Assistant Engineer,IX,15-07-1987,33.00,0.20
2611,Noida,Deputy Manager,VII,14-08-1985,35.00,0.35
2615,Noida,Design Associate IV,IX,01-01-1992,28.00,0.09
2616,Noida,Deputy Manager,VII,02-02-1983,37.00,0.38
2620,Noida,Assistant Manager,VIII,26-12-1986,34.00,0.33
2621,Site,Deputy Manager,VII,13-02-1982,38.00,0.50
2623,Noida,Assistant Manager,VII,15-05-1981,39.00,0.37
2626,Noida,Designer,IX,10-04-1987,33.00,0.21
2627,Noida,Assistant Manager,VII,13-10-1984,36.00,0.35
2628,Noida,Deputy Manager,VII,05-04-1986,34.00,0.43
2630,Noida,Design Associate I,IX,14-06-1987,33.00,0.19
2631,Noida,Assistant General Manager,V,25-03-1975,45.00,0.88
2632,Noida,Assistant Manager,VII,02-04-1987,33.00,0.34
2635,Noida,General Manager,IV,13-07-1973,47.00,1.08
2640,Noida,Designer,IX,21-08-1987,33.00,0.21
2642,Noida,Engineer-II,VIII,05-01-1980,40.00,0.27
2646,Site,Senior Engineer,VIII,06-03-1987,33.00,0.37
2647,Noida,Assistant Manager,VII,07-07-1986,34.00,0.36
0142,Noida,Manager,VI,08-07-1966,54.00,0.49
2650,Site,Manager,VI,15-07-1976,44.00,0.61
2651,Site,Senior Manager,V,09-06-1970,50.00,0.68
2654,Noida,Assistant Manager,VII,20-05-1978,42.00,0.42
2655,Noida,Senior Manager,VII,28-02-1983,37.00,0.58
2657,Site,Engineer-I,VIII,24-11-1985,35.00,0.24
2659,Chennai,Engineer-II,VIII,16-06-1985,35.00,0.24
2665,Site,Engineer-II,VIII,04-07-1983,37.00,0.24
2667,Noida,Senior Manager,V,13-03-1976,44.00,0.53
2672,Noida,Manager,VII,15-01-1973,47.00,0.45
2674,Chennai,Senior Engineer,VIII,09-04-1986,34.00,0.36
2675,Noida,Senior Engineer,VIII,01-02-1988,32.00,0.30
2677,Site,Deputy Manager,VII,19-01-1972,48.00,0.42
2679,Site,Manager,VI,02-05-1977,43.00,0.55
2682,Chennai,Assistant Engineer,IX,28-06-1985,35.00,0.21
1434,Noida,Vice President,IIIB,01-10-1960,60.00,1.13
2684,Noida,Assistant Manager,VII,22-09-1983,37.00,0.43
2685,Noida,Deputy Manager,VII,30-12-1982,38.00,0.51
0066,Noida,Manager,VI,11-06-1963,57.00,0.49
2689,Noida,Engineer-II,VIII,13-10-1984,36.00,0.25
2693,Noida,Assistant Design Controller,VIII,01-07-1985,35.00,0.34
2695,Noida,Junior Engineer,IX,05-06-1991,29.00,0.14
2697,Noida,Deputy Manager,VII,13-11-1984,36.00,0.45
2702,Noida,Senior Engineer,VIII,14-08-1986,34.00,0.31
2703,Noida,Senior Manager,VI,14-01-1983,37.00,0.53
2705,Noida,Design Associate IV,IX,21-10-1987,33.00,0.09
2707,Noida,Design Associate I,IX,09-04-1988,32.00,0.15
2710,Site,Manager,VII,13-01-1973,47.00,0.54
2713,Site,Assistant Manager,VII,01-07-1983,37.00,0.37
2715,Noida,Senior Manager,V,04-05-1981,39.00,0.61
2716,Noida,Assistant Manager,VIII,21-11-1987,33.00,0.31
2718,Site,Engineer-I,VIII,18-09-1990,30.00,0.24
2720,Noida,Senior Manager,V,15-07-1971,49.00,0.57
2725,Noida,Deputy Manager,VII,01-04-1982,38.00,0.55
2726,Noida,Assistant Manager,VII,12-07-1986,34.00,0.35
2728,Noida,General Manager,IV,10-01-1968,52.00,0.97
2730,Noida,Junior Draftsman,IX,10-07-1991,29.00,0.07
2731,Noida,Assistant Manager,VIII,02-07-1983,37.00,0.36
2732,Site,Senior Engineer,VIII,03-02-1985,35.00,0.28
2739,Site,Senior Engineer,VIII,31-07-1986,34.00,0.31
2740,Site,Senior Engineer,VIII,11-03-1987,33.00,0.28
2741,Noida,Engineer-II,VIII,23-05-1986,34.00,0.24
2747,Noida,Assistant Engineer,IX,04-10-1988,32.00,0.22
2749,Site,Deputy Manager,VII,14-06-1980,40.00,0.52
2751,Noida,Junior Engineer,IX,20-07-1987,33.00,0.13
2752,Noida,Senior Engineer,VIII,24-03-1986,34.00,0.33
2753,Noida,CHECKER I,VIII,04-04-1982,38.00,0.27
2755,Site,Deputy Manager,VII,12-08-1982,38.00,0.43
2756,Site,Junior Engineer,IX,03-08-1974,46.00,0.21
2759,Noida,Assistant Manager,VII,09-08-1981,39.00,0.29
2763,Noida,Engineer-I,VIII,07-12-1992,28.00,0.21
2764,Noida,Senior Engineer,VIII,08-01-1991,29.00,0.21
0139,Noida,Manager,VII,08-07-1967,53.00,0.46
2780,Noida,Assistant Manager,VII,02-09-1979,41.00,0.39
2782,Noida,Senior Engineer,VIII,17-04-1987,33.00,0.30
2783,Noida,Deputy Manager,VII,01-01-1978,42.00,0.49
2784,Noida,Engineer-I,VIII,11-09-1993,27.00,0.20
2785,Noida,Deputy Manager,VII,20-07-1982,38.00,0.42
2788,Noida,Assistant Manager,VIII,25-08-1986,34.00,0.27
2793,Site,Senior Engineer,VIII,10-03-1979,41.00,0.34
2800,Noida,General Manager,IV,07-01-1973,47.00,1.01
2804,Noida,Assistant Manager,VII,04-11-1982,38.00,0.37
2806,Noida,Senior Engineer,VIII,11-08-1985,35.00,0.37
2811,Noida,Officer-III,VIII,11-03-1980,40.00,0.28
2812,Noida,Senior Engineer,VIII,15-09-1989,31.00,0.26
2813,Noida,Officer-I,VIII,29-08-1975,45.00,0.28
2814,Site,Assistant Manager,VII,21-07-1984,36.00,0.26
2818,Noida,Assistant Officer,VIII,16-05-1978,42.00,0.26
2820,Site,Assistant Engineer,IX,07-05-1988,32.00,0.19
2822,Chennai,Assistant Manager,VII,01-02-1982,38.00,0.45
2824,Noida,General Manager,IV,01-09-1975,45.00,0.88
2827,Noida,Assistant General Manager,V,25-04-1971,49.00,0.63
0165,Noida,Deputy Manager,VII,26-04-1962,58.00,0.43
2830,Noida,Deputy Manager,VII,26-02-1983,37.00,0.52
2280,Chennai,Associate Vice President,IV,01-07-1972,48.00,1.09
2835,Noida,Manager,VII,23-07-1981,39.00,0.55
2836,Noida,Engineer-II,VIII,05-02-1982,38.00,0.24
2838,Noida,Manager,VI,14-11-1983,37.00,0.58
2845,Noida,Designer,IX,06-12-1985,35.00,0.20
2847,Noida,Engineer-I,VIII,26-11-1993,27.00,0.20
2848,Noida,Assistant General Manager,V,06-06-1973,47.00,0.72
2853,Noida,Deputy Manager,VII,25-05-1974,46.00,0.44
2854,Noida,Assistant Manager,VIII,28-02-1982,38.00,0.39
2858,Chennai,Senior Engineer,VIII,24-10-1987,33.00,0.32
2859,Noida,Senior Engineer,VIII,04-12-1982,38.00,0.26
2860,Noida,General Manager,IV,20-08-1973,47.00,1.07
2862,Noida,Manager,VI,21-02-1975,45.00,0.57
2863,Noida,Deputy General Manager,IV,30-07-1973,47.00,0.83
2864,Noida,Assistant Manager,VII,18-06-1978,42.00,0.44
2867,Noida,Deputy Manager,VII,26-04-1983,37.00,0.42
2869,Pune,Junior Engineer,IX,25-09-1989,31.00,0.13
2870,Pune,Junior Engineer,IX,22-07-1992,28.00,0.13
2871,Noida,Senior Engineer,VIII,21-08-1985,35.00,0.24
2876,Noida,Manager,VI,09-05-1980,40.00,0.53
2881,Noida,Assistant Engineer,IX,10-01-1984,36.00,0.18
2882,Noida,Design Associate IV,IX,22-05-1992,28.00,0.12
1009,Noida,Associate Vice President,IV,14-04-1970,50.00,1.08
2885,Pune,Senior Manager,V,26-06-1977,43.00,0.62
2886,Pune,Senior Manager,V,20-07-1968,52.00,0.58
2889,Noida,Senior Manager,V,18-12-1978,42.00,0.64
2893,Noida,Assistant Manager,VII,01-01-1985,35.00,0.40
2896,Pune,Senior Engineer,VIII,01-06-1970,50.00,0.31
2897,Noida,Engineer-I,VIII,25-10-1992,28.00,0.25
2899,Chennai,Senior Engineer,VIII,03-06-1991,29.00,0.26
2900,Noida,Deputy Manager,VIII,21-08-1986,34.00,0.39
2901,Site,Deputy Manager,VII,09-02-1972,48.00,0.58
2902,Noida,Junior Engineer,XII,30-04-1973,47.00,0.21
2903,Noida,Engineer-II,VIII,19-07-1987,33.00,0.23
2904,Noida,Engineer-I,VIII,01-05-1993,27.00,0.20
2905,Noida,Senior Engineer,VIII,30-09-1988,32.00,0.32
2906,Noida,Senior Engineer,VIII,20-12-1989,31.00,0.35
2907,Noida,Engineer-I,VIII,02-09-1988,32.00,0.28
2909,Noida,Senior Engineer,VIII,01-08-1985,35.00,0.36
2910,Pune,Engineer-II,VIII,17-06-1984,36.00,0.25
2916,Noida,Engineer-I,VIII,21-09-1992,28.00,0.23
2919,Site,Senior Manager,V,08-06-1977,43.00,0.62
2921,Noida,Engineer-I,VIII,05-03-1989,31.00,0.25
2922,Noida,Deputy Manager,VII,15-06-1973,47.00,0.44
2923,Site,Senior Engineer,VIII,19-08-1986,34.00,0.31
2924,Noida,Junior Engineer,IX,15-05-1984,36.00,0.13
2925,Pune,Engineer-II,VIII,04-11-1986,34.00,0.26
2926,Noida,Senior Engineer,VIII,22-11-1987,33.00,0.22
2927,Pune,Senior Engineer,VIII,15-06-1985,35.00,0.32
2928,Chennai,Engineer-II,VIII,07-04-1986,34.00,0.22
2930,Noida,Engineer-I,VIII,05-09-1990,30.00,0.24
2931,Noida,Senior Engineer,VIII,23-02-1993,27.00,0.23
2933,Noida,Assistant Manager,VIII,05-08-1977,43.00,0.39
2935,Noida,Officer-II,VIII,27-10-1986,34.00,0.22
2936,Noida,Assistant Manager,VII,21-08-1980,40.00,0.43
2938,Noida,Assistant Manager,VII,18-04-1988,32.00,0.32
2939,Noida,Senior Engineer,VIII,21-01-1987,33.00,0.34
2948,Site,Manager,VI,02-08-1971,49.00,0.48
2950,Site,Deputy Manager,VII,04-04-1981,39.00,0.49
2951,Pune,Assistant Engineer,IX,03-11-1985,35.00,0.21
2955,Noida,Engineer-I,VIII,20-05-1990,30.00,0.26
2957,Noida,Engineer-I,VIII,07-12-1993,27.00,0.19
2963,Site,Manager,VI,15-05-1977,43.00,0.55
1616,Site,Deputy Manager,VII,17-08-1961,59.00,0.41
2967,Site,Assistant General Manager,V,09-11-1971,49.00,0.56
2968,Site,Engineer-I,VIII,11-10-1989,31.00,0.17
2969,Site,Engineer-I,VIII,12-12-1990,30.00,0.25
2972,Noida,Engineer-I,VIII,03-01-1991,29.00,0.21
2974,Chennai,Deputy Manager,VII,24-07-1985,35.00,0.45
2976,Noida,Engineer-I,VIII,03-09-1990,30.00,0.20
2979,Site,Assistant Manager,VII,30-11-1986,34.00,0.41
2984,Site,Engineer-I,VIII,10-01-1988,32.00,0.19
2986,Chennai,Assistant Manager,VII,10-05-1981,39.00,0.30
2989,Noida,Engineer-I,VIII,12-02-1995,25.00,0.19
2990,Noida,Engineer-I,VIII,23-01-1991,29.00,0.18
2991,Noida,Engineer-I,VIII,23-08-1995,25.00,0.18
2992,Noida,Engineer-I,VIII,10-03-1994,26.00,0.18
2993,Noida,Engineer-I,VIII,25-01-1993,27.00,0.18
2999,Noida,Assistant Engineer,IX,11-09-1986,34.00,0.16
3002,Noida,Engineer-II,VIII,10-02-1987,33.00,0.25
3003,Site,Deputy Manager,VII,24-08-1983,37.00,0.40
0171,Noida,Assistant Manager,VII,03-09-1963,57.00,0.41
3006,Site,Deputy Manager,VII,10-08-1982,38.00,0.54
3007,Site,Engineer-I,VIII,04-05-1988,32.00,0.23
3008,Noida,Engineer-I,VIII,13-07-1991,29.00,0.18
3015,Noida,Deputy General Manager,IV,11-08-1970,50.00,0.87
0384,Noida,Associate Vice President,IV,20-02-1972,48.00,1.07
3023,Pune,Senior Manager,V,14-01-1979,41.00,0.63
3024,Site,Assistant Engineer,IX,05-05-1972,48.00,0.18
3025,Site,Assistant Manager,VII,25-07-1977,43.00,0.37
3026,Chennai,Assistant Manager,VII,20-06-1984,36.00,0.41
3027,Noida,Engineer-I,VIII,15-01-1988,32.00,0.24
3030,Noida,Senior Manager,V,03-12-1971,49.00,0.59
3032,Noida,Design Associate I,IX,01-08-1980,40.00,0.20
3034,Site,Engineer-I,VIII,05-03-1987,33.00,0.17
3039,Pune,Manager,VI,16-05-1985,35.00,0.52
3040,Site,Senior Engineer,VIII,05-05-1980,40.00,0.30
3042,Noida,Assistant General Manager,V,25-03-1972,48.00,0.83
0237,Noida,Assistant Manager,VII,23-01-1961,59.00,0.41
3046,Noida,Engineer-I,VIII,24-11-1991,29.00,0.21
3047,Site,Engineer-I,VIII,02-02-1991,29.00,0.15
3048,Site,Assistant Manager,VII,17-08-1979,41.00,0.35
3049,Site,Assistant Engineer,IX,20-10-1986,34.00,0.18
3050,Site,Deputy Manager,VII,13-10-1974,46.00,0.42
3052,Noida,Assistant Manager,VII,17-04-1984,36.00,0.36
3053,Noida,Deputy General Manager,IV,06-01-1969,51.00,0.81
3055,Site,Engineer-I,VIII,16-01-1992,28.00,0.15
3056,Site,Assistant Manager,VII,18-05-1982,38.00,0.48
3057,Site,Assistant General Manager,V,08-02-1968,52.00,0.86
3059,Noida,Senior Engineer,VIII,28-10-1984,36.00,0.30
3061,Site,Senior Engineer,VIII,12-02-1986,34.00,0.25
3065,Noida,Engineer-I,VIII,25-09-1991,29.00,0.16
3067,Noida,CHECKER I,VIII,25-02-1978,42.00,0.30
3019,Noida,Associate Vice President,IIIB,02-01-1971,49.00,1.05
3071,Site,Senior Engineer,VIII,29-09-1981,39.00,0.28
3375,Noida,Deputy Manager,VII,15-03-1965,55.00,0.38
3076,Site,Engineer-I,VIII,20-01-1985,35.00,0.22
3079,Site,Senior Engineer,VIII,06-07-1985,35.00,0.34
3080,Site,Senior Engineer,VIII,17-04-1982,38.00,0.26
3081,Site,Engineer-I,VIII,17-01-1992,28.00,0.17
3082,Noida,Assistant Manager,VII,15-10-1984,36.00,0.29
3085,Noida,Manager,VI,31-08-1975,45.00,0.50
3086,Noida,Senior Manager,V,05-05-1978,42.00,0.53
3088,Noida,Senior Officer,VIII,12-08-1979,41.00,0.33
3089,Noida,Senior Engineer,VIII,04-02-1985,35.00,0.26
3090,Site,Engineer-I,VIII,01-06-1991,29.00,0.19
3092,Noida,Manager,VI,17-07-1979,41.00,0.45
3094,Noida,Engineer-I,VIII,02-01-1990,30.00,0.20
3095,Noida,Senior Engineer,VIII,05-06-1988,32.00,0.25
3096,Noida,Engineer-I,VIII,10-05-1988,32.00,0.24
3097,Noida,Senior Engineer,VIII,04-10-1986,34.00,0.26
3101,Noida,Engineer-I,VIII,05-01-1991,29.00,0.22
3102,Noida,Engineer-I,VIII,01-09-1991,29.00,0.22
3105,Noida,Engineer-I,VIII,20-03-1970,50.00,0.29
3106,Noida,Associate Vice President,IV,01-06-1972,48.00,0.97
3107,Noida,Engineer-I,VIII,07-01-1992,28.00,0.19
3111,Site,Engineer-I,VIII,08-07-1989,31.00,0.25
3112,Chennai,Assistant Manager,VII,02-06-1984,36.00,0.33
3113,Site,Assistant Manager,VII,06-02-1983,37.00,0.44
3114,Noida,Senior Engineer,VIII,13-09-1988,32.00,0.30
3115,Noida,Engineer-I,VIII,25-09-1990,30.00,0.23
3119,Noida,Engineer-I,VIII,12-12-1992,28.00,0.21
3120,Noida,Senior Engineer,VIII,17-06-1987,33.00,0.29
3121,Site,Engineer-I,VIII,18-03-1988,32.00,0.18
3122,Noida,Assistant Manager,VII,02-02-1987,33.00,0.29
3123,Noida,Deputy Manager,VII,08-11-1983,37.00,0.45
3124,Site,Senior Engineer,VIII,07-07-1983,37.00,0.28
3128,Noida,Engineer-I,VIII,24-04-1994,26.00,0.16
3129,Noida,Engineer-I,VIII,16-05-1992,28.00,0.16
3130,Noida,Engineer-I,VIII,04-11-1990,30.00,0.16
3131,Noida,Engineer-I,VIII,01-09-1996,24.00,0.16
3134,Noida,Assistant Manager,VII,26-08-1985,35.00,0.37
3135,Site,Assistant Engineer,IX,03-03-1990,30.00,0.17
3136,Site,Engineer-I,VIII,01-01-1988,32.00,0.25
3140,Noida,Deputy Manager,VII,01-03-1982,38.00,0.50
3143,Chennai,Deputy Manager,VII,14-08-1985,35.00,0.41
3144,Noida,Engineer-I,VIII,17-04-1992,28.00,0.22
3147,Site,Engineer-I,VIII,15-07-1987,33.00,0.21
3149,Site,Assistant Manager,VII,27-05-1984,36.00,0.42
3150,Noida,Senior Engineer,VIII,15-10-1986,34.00,0.22
3152,Chennai,Assistant Manager,VII,06-03-1988,32.00,0.32
3154,Site,Assistant Manager,VII,14-12-1986,34.00,0.29
3156,Noida,Assistant Manager,VII,23-11-1985,35.00,0.31
3159,Noida,Assistant Manager,VII,01-06-1981,39.00,0.34
3160,Noida,Senior Manager,V,22-05-1980,40.00,0.66
3161,Noida,Officer-III,VIII,06-07-1981,39.00,0.23
3162,Noida,Assistant General Manager,V,23-08-1975,45.00,0.73
3166,Noida,Senior Engineer,VIII,10-05-1987,33.00,0.27
3168,Noida,Senior Manager,V,05-07-1983,37.00,0.66
3169,Noida,Field Engineer,VIII,26-07-1993,27.00,0.19
3171,Noida,Assistant Manager,VII,24-06-1988,32.00,0.32
3172,Noida,Senior Engineer,VIII,20-03-1990,30.00,0.28
3173,Noida,Field Assistant Engineer,IX,10-10-1988,32.00,0.18
3174,Site,Manager,VIII,05-05-1978,42.00,0.63
3175,Noida,Manager,VII,07-08-1986,34.00,0.47
3177,Noida,Manager,VI,22-07-1980,40.00,0.55
3183,Noida,Senior Officer,VIII,04-10-1968,52.00,0.32
3186,Site,Engineer-II,VIII,13-03-1989,31.00,0.18
3187,Noida,Senior Engineer,VIII,09-01-1989,31.00,0.26
3188,Noida,Engineer-I,VIII,08-11-1996,24.00,0.16
3189,Noida,Deputy General Manager,V,15-07-1976,44.00,0.75
3190,Noida,Field Engineer,VIII,09-12-1988,32.00,0.21
3191,Site,Senior Engineer,VIII,18-01-1983,37.00,0.29
3192,Noida,Senior Engineer,VIII,09-03-1990,30.00,0.27
3195,Noida,Engineer-I,VIII,17-01-1992,28.00,0.18
3197,Pune,Design Associate III,IX,17-11-1984,36.00,0.12
3199,Noida,Engineer-I,VIII,30-04-1988,32.00,0.18
0169,Noida,Assistant Manager,VII,01-10-1963,57.00,0.37
3202,Pune,Design Associate I,IX,10-04-1985,35.00,0.18
3203,Noida,Assistant Manager,VII,20-03-1984,36.00,0.36
3204,Pune,CHECKER I,VIII,31-10-1981,39.00,0.29
3205,Noida,Assistant Manager,VII,17-11-1987,33.00,0.39
3206,Noida,Senior Engineer,VIII,25-08-1987,33.00,0.33
2403,Site,Assistant Manager,VII,15-12-1966,54.00,0.37
3201,Noida,Assistant Design Controller,VII,26-11-1960,60.00,0.35
3209,Noida,Deputy Manager,VII,17-05-1982,38.00,0.55
3210,Noida,Assistant Manager,VII,02-07-1987,33.00,0.36
3212,Noida,Officer-I,VIII,11-02-1987,33.00,0.26
3214,Site,Engineer-I,VIII,15-07-1988,32.00,0.21
3216,Chennai,Designer,VIII,30-01-1986,34.00,0.26
3218,Noida,Assistant Manager,VII,31-03-1985,35.00,0.32
3219,Noida,Senior Engineer,VIII,06-02-1986,34.00,0.29
3221,Noida,Design Associate III,VIII,08-10-1991,29.00,0.11
3225,Noida,Designer,VIII,23-02-1988,32.00,0.23
3226,Noida,Deputy Manager,VII,13-02-1985,35.00,0.47
3227,Noida,Senior Manager,V,01-01-1969,51.00,0.50
3228,Noida,Deputy Manager,VIII,11-01-1985,35.00,0.34
3229,Pune,Design Associate II,IX,16-07-1988,32.00,0.13
3230,Noida,Design Associate I,VIII,12-12-1986,34.00,0.19
3231,Noida,Deputy Manager,VII,06-11-1983,37.00,0.52
3232,Noida,Manager,VI,25-04-1983,37.00,0.47
3234,Noida,CHECKER II,VIII,05-07-1980,40.00,0.25
3235,Pune,Engineer-I,VIII,07-05-1994,26.00,0.17
3236,Pune,Design Associate II,IX,15-03-1993,27.00,0.12
3238,Chennai,Manager,VI,29-10-1977,43.00,0.41
3239,Noida,Engineer-I,VIII,28-12-1992,28.00,0.19
3241,Chennai,Manager,VI,09-06-1981,39.00,0.49
3242,Pune,Designer,VIII,21-04-1984,36.00,0.29
3243,Noida,Assistant General Manager,V,07-11-1970,50.00,0.57
3244,Chennai,Senior Manager,V,30-07-1972,48.00,0.52
3246,Site,Assistant Engineer,IX,15-10-1979,41.00,0.17
3247,Pune,Senior Engineer,VIII,25-12-1985,35.00,0.39
3248,Noida,Engineer-I,VIII,02-05-1994,26.00,0.18
3249,Noida,Officer-II,VIII,01-07-1989,31.00,0.21
3250,Noida,Assistant Manager,VII,07-06-1984,36.00,0.29
3255,Noida,Senior Engineer,VIII,05-01-1987,33.00,0.34
3256,Noida,Assistant Manager,VII,20-03-1985,35.00,0.36
3257,Noida,Senior Engineer,VIII,08-09-1989,31.00,0.23
3258,Noida,Assistant Officer,IX,10-12-1993,27.00,0.18
3260,Noida,Engineer-I,VIII,20-06-1996,24.00,0.14
3263,Site,Junior Engineer,IX,16-06-2000,20.00,0.07
3264,Chennai,Engineer-I,VIII,05-06-1997,23.00,0.14
3265,Noida,Engineer-I,VIII,08-11-1995,25.00,0.14
3268,Noida,Engineer-I,VIII,26-07-1995,25.00,0.14
3269,Noida,Engineer-I,VIII,08-02-1995,25.00,0.14
3271,Site,Junior Engineer,IX,01-01-2000,20.00,0.07
3272,Site,Junior Engineer,IX,23-08-1997,23.00,0.07
3273,Site,Junior Engineer,IX,11-10-1999,21.00,0.07
3275,Noida,Senior Engineer,VIII,21-06-1986,34.00,0.21
3276,Noida,Assistant Manager,VII,10-05-1984,36.00,0.30
3277,Site,Deputy Manager,VII,07-05-1981,39.00,0.46
3279,Noida,Deputy Manager,VII,01-07-1982,38.00,0.46
3281,Noida,Engineer-I,VIII,19-08-1986,34.00,0.27
3282,Noida,Deputy Manager,VII,19-08-1984,36.00,0.46
3283,Noida,Deputy Manager,VII,11-04-1985,35.00,0.49
3284,Chennai,Deputy Manager,VII,26-04-1984,36.00,0.44
3286,Noida,Deputy Manager,VII,10-06-1982,38.00,0.39
3287,Pune,Deputy Manager,VII,13-07-1982,38.00,0.32
3288,Noida,Deputy General Manager,IV,12-12-1977,43.00,0.80
3289,Noida,Senior Engineer,VIII,09-06-1986,34.00,0.33
3290,Noida,Engineer-I,VIII,11-08-1989,31.00,0.21
3291,Noida,Senior Engineer,VIII,02-05-1988,32.00,0.31
3292,Pune,Design Associate II,IX,01-06-1990,30.00,0.13
3293,Noida,Senior Engineer,VIII,07-08-1986,34.00,0.38
3294,Noida,Assistant Manager,VII,27-10-1984,36.00,0.43
3297,Noida,Senior Manager,V,24-02-1982,38.00,0.61
3298,Noida,General Manager,IV,01-01-1972,48.00,0.96
3299,Noida,Manager,V,07-09-1981,39.00,0.61
3300,Noida,Engineer-I,VIII,25-09-1994,26.00,0.16
3304,Noida,Senior Engineer,VIII,18-01-1987,33.00,0.24
3305,Noida,Engineer-I,VIII,10-05-1991,29.00,0.28
3306,Chennai,Senior Engineer,VIII,11-03-1990,30.00,0.24
3307,Noida,Engineer-I,VIII,07-03-1989,31.00,0.26
3309,Noida,Senior Engineer,VIII,08-04-1983,37.00,0.32
3310,Noida,Engineer-I,VIII,26-03-1993,27.00,0.19
3311,Site,Senior Engineer,VIII,09-10-1980,40.00,0.30
3314,Noida,Deputy Manager,VII,17-06-1978,42.00,0.57
3317,Noida,Deputy General Manager,V,24-12-1972,48.00,0.90
3318,Noida,Manager,VI,03-03-1981,39.00,0.58
3319,Noida,Deputy Manager,VII,20-03-1980,40.00,0.54
3320,Chennai,Assistant Manager,VII,17-11-1983,37.00,0.34
3321,Chennai,Design Associate I,IX,21-04-1983,37.00,0.25
3322,Noida,Assistant Manager,VII,30-04-1984,36.00,0.35
3323,Noida,Assistant Manager,VII,12-04-1985,35.00,0.33
3325,Noida,Assistant Manager,VII,04-05-1984,36.00,0.36
3326,Noida,Junior Engineer,IX,19-12-1995,25.00,0.10
3328,Noida,Engineer-I,VIII,25-07-1992,28.00,0.21
3329,Pune,Engineer-I,VIII,20-12-1991,29.00,0.23
3330,Noida,Officer-II,VIII,03-03-1990,30.00,0.21
3400,Noida,Deputy Manager,VII,01-07-1966,54.00,0.33
3332,Pune,Assistant Design Controller,VII,17-05-1980,40.00,0.38
3333,Noida,Engineer-II,VIII,27-10-1985,35.00,0.21
3334,Noida,Assistant Manager,VII,02-05-1986,34.00,0.32
3335,Noida,Engineer-I,VIII,09-05-1992,28.00,0.14
3336,Site,Engineer-I,VIII,07-09-1990,30.00,0.19
3337,Noida,Engineer-I,VIII,14-01-1987,33.00,0.25
2580,Noida,Assistant Manager,VII,03-09-1976,44.00,0.28
3339,Pune,Designer,VIII,17-11-1978,42.00,0.20
3340,Site,Assistant General Manager,V,01-06-1969,51.00,0.68
3341,Pune,Designer,VIII,26-11-1975,45.00,0.33
3342,Noida,Senior Engineer,VIII,26-03-1990,30.00,0.30
3344,Site,Engineer-I,VIII,29-12-1988,32.00,0.27
3345,Noida,Designer,VIII,28-05-1988,32.00,0.25
3346,Noida,Engineer-I,VIII,10-08-1992,28.00,0.20
3347,Noida,Engineer-I,VIII,18-09-1993,27.00,0.20
3349,Noida,Engineer-I,VIII,19-07-1989,31.00,0.23
3350,Noida,Assistant Manager,VII,08-11-1985,35.00,0.45
3354,Noida,Engineer-I,VIII,01-06-1988,32.00,0.21
3355,Site,Assistant Manager,VII,11-01-1974,46.00,0.48
3356,Pune,Senior Engineer,VIII,03-11-1983,37.00,0.31
3357,Noida,Senior Engineer,VIII,30-01-1986,34.00,0.33
3359,Noida,Deputy General Manager,IV,13-07-1971,49.00,0.75
3361,Pune,Manager,VI,15-06-1978,42.00,0.51
3362,Noida,Engineer-I,VIII,25-12-1991,29.00,0.18
3363,Noida,Assistant Manager,VII,05-01-1984,36.00,0.35
3364,Site,Senior Engineer,VIII,26-12-1986,34.00,0.30
3365,Site,Senior Manager,V,27-07-1980,40.00,0.55
3366,Noida,Assistant Manager,VII,07-07-1976,44.00,0.34
3367,Noida,Engineer-I,VIII,23-07-1990,30.00,0.19
3369,Noida,Deputy Manager,VII,15-12-1983,37.00,0.43
3370,Site,Senior Engineer,VIII,15-02-1987,33.00,0.24
3371,Site,Manager,VI,05-02-1970,50.00,0.40
3372,Noida,Deputy General Manager,V,07-07-1972,48.00,0.91
3374,Site,Assistant Engineer,IX,20-04-1988,32.00,0.21
1329,Noida,Assistant Design Controller,VIII,01-01-1966,54.00,0.33
3376,Site,Assistant Manager,VII,25-04-1978,42.00,0.31
3378,Noida,Deputy Manager,VII,08-04-1980,40.00,0.54
3379,Noida,Officer-III,VIII,05-01-1990,30.00,0.19
3380,Noida,Assistant Officer,IX,10-08-1987,33.00,0.23
3383,Noida,Assistant Manager,VII,16-05-1987,33.00,0.47
3384,Site,Engineer-I,VIII,02-07-1991,29.00,0.19
3386,Pune,Assistant Manager,VII,19-10-1976,44.00,0.39
3387,Noida,Senior Manager,V,02-08-1981,39.00,0.54
3388,Site,Deputy General Manager,IV,12-06-1972,48.00,1.02
3390,Noida,Deputy General Manager,IV,20-03-1972,48.00,0.71
3391,Noida,Assistant Engineer,IX,12-09-1991,29.00,0.19
3392,Site,Engineer-II,VIII,01-01-1988,32.00,0.28
3394,Noida,Engineer-I,VIII,28-07-1993,27.00,0.16
0174,Noida,Officer-I,VIII,07-05-1966,54.00,0.32
3396,Site,Civil Head- Latur Site,VII,16-07-1983,37.00,0.54
3397,Site,Junior Engineer,IX,15-01-1989,31.00,0.20
3398,Noida,Design Associate II,IX,18-10-1981,39.00,0.15
3399,Noida,Manager,VI,05-09-1975,45.00,0.55
3331,Site,Engineer-II,VIII,09-08-1966,54.00,0.30
0362,Site,Assistant Manager,VII,26-01-1962,58.00,0.29
3402,Site,Assistant General Manager,V,24-11-1974,46.00,0.68
3403,Noida,Senior Engineer,VIII,29-03-1987,33.00,0.28
3404,Noida,Engineer-I,VIII,15-02-1995,25.00,0.14
3406,Noida,Engineer-I,VIII,11-10-1996,24.00,0.14
3409,Noida,Senior Engineer,VIII,12-09-1986,34.00,0.25
3410,Site,Engineer-II,VIII,15-03-1983,37.00,0.18
3411,Chennai,Design Associate I,IX,15-04-1990,30.00,0.13
3413,Pune,Deputy Manager,VII,06-11-1986,34.00,0.46
3414,Site,Engineer-II,VIII,05-07-1992,28.00,0.22
3416,Noida,Deputy Manager,VII,01-11-1986,34.00,0.42
3417,Site,Senior Engineer,VIII,21-03-1979,41.00,0.34
3419,Noida,Senior Manager,V,26-07-1982,38.00,0.63
3420,Site,Engineer-I,VIII,22-11-1991,29.00,0.16
3421,Site,Senior Engineer,VIII,17-10-1977,43.00,0.31
3422,Noida,Engineer-II,VIII,27-06-1991,29.00,0.19
3423,Site,Engineer-I,VIII,13-02-1992,28.00,0.20
3424,Noida,Assistant Manager,VII,24-06-1986,34.00,0.31
3425,Noida,Assistant Manager,VII,01-02-1974,46.00,0.37
3426,Noida,Assistant Manager,VII,04-01-1978,42.00,0.27
3427,Noida,Senior Engineer,VIII,10-08-1990,30.00,0.26
3428,Chennai,Senior Engineer,VIII,03-06-1987,33.00,0.20
3429,Site,Senior Engineer,VIII,06-06-1982,38.00,0.24
3430,Pune,Design Associate II,IX,05-05-1989,31.00,0.16
3432,Site,Officer-III,VIII,08-07-1989,31.00,0.27
3433,Noida,Engineer-I,VIII,10-08-1987,33.00,0.21
3434,Noida,Engineer-I,VIII,13-09-1994,26.00,0.16
3435,Site,Senior Engineer,VIII,08-04-1983,37.00,0.30
3436,Site,Engineer-I,VIII,15-06-1991,29.00,0.19
3437,Site,Assistant Engineer,IX,02-06-1991,29.00,0.18
3438,Noida,Deputy General Manager,IV,03-07-1973,47.00,0.72
3440,Noida,Assistant Manager,VII,26-02-1986,34.00,0.37
3441,Noida,G.E.T,VIII,19-03-1993,27.00,0.14
3442,Noida,G.E.T,VIII,05-10-1995,25.00,0.14
3443,Noida,G.E.T,VIII,10-08-1998,22.00,0.14
3445,Noida,Senior Engineer,VII,11-08-1987,33.00,0.31
3446,Noida,Assistant Manager,VII,07-01-1984,36.00,0.37
3447,Noida,Engineer-II,VIII,18-06-1986,34.00,0.14
3448,Site,Senior Engineer,VIII,10-08-1985,35.00,0.24
3450,Noida,Design Associate I,IX,20-08-1983,37.00,0.21
3451,Chennai,Manager,VI,31-12-1979,41.00,0.60
3452,Noida,Designer,VIII,20-01-1990,30.00,0.24
3453,Site,Senior Engineer,VIII,01-01-1986,34.00,0.30
3454,Noida,Engineer-I,VIII,06-03-1991,29.00,0.19
3455,Site,Senior Engineer,VIII,02-06-1982,38.00,0.40
3456,Noida,Assistant Manager,VII,09-04-1987,33.00,0.37
3457,Noida,Assistant Engineer,IX,10-01-1988,32.00,0.16
3458,Noida,Engineer-I,VIII,17-08-1992,28.00,0.19
3460,Site,Assistant Manager,VII,08-09-1983,37.00,0.30
3461,Site,Assistant Manager,VII,18-08-1976,44.00,0.52
3462,Noida,Assistant Manager,VII,21-03-1985,35.00,0.32
3463,Site,Engineer-I,VIII,15-05-1990,30.00,0.19
3464,Noida,Manager,VII,18-03-1982,38.00,0.56
3465,Noida,Senior Engineer,VIII,21-02-1988,32.00,0.29
3467,Site,Engineer-I,VIII,10-12-1992,28.00,0.09
3468,Chennai,Designer,VIII,30-05-1979,41.00,0.29
3469,Site,Deputy Manager,VII,29-03-1980,40.00,0.45
3470,Noida,Engineer-I,VIII,02-07-1994,26.00,0.19
3471,Noida,Engineer-I,VIII,10-08-1992,28.00,0.13
3472,Noida,Engineer-I,VIII,01-08-1979,41.00,0.25
0223,Noida,Officer-II,VIII,16-07-1966,54.00,0.26
3476,Noida,Engineer-I,VIII,05-03-1993,27.00,0.17
3477,Pune,Designer,VIII,09-12-1979,41.00,0.19
3478,Site,Engineer-I,VIII,01-07-1990,30.00,0.15
3479,Site,Engineer-I,VIII,03-04-1987,33.00,0.22
3480,Site,Engineer-I,VIII,03-01-1993,27.00,0.13
3481,Noida,Senior Engineer,VIII,15-02-1987,33.00,0.30
3482,Site,Deputy Manager,VII,15-06-1982,38.00,0.39
3483,Noida,Deputy Manager,VII,11-10-1985,35.00,0.52
3484,Noida,Manager,VI,24-06-1977,43.00,0.55
3485,Noida,Engineer-I,VIII,09-04-1992,28.00,0.20
3486,Noida,Deputy Manager,VII,08-07-1982,38.00,0.38
3487,Noida,Assistant Manager,VII,26-10-1984,36.00,0.35
3489,Noida,Assistant Manager,VII,26-08-1983,37.00,0.35
3490,Chennai,Assistant Manager,VII,27-12-1986,34.00,0.36
3491,Noida,Deputy Manager,VII,16-01-1981,39.00,0.45
3492,Chennai,Assistant Manager,VII,05-08-1986,34.00,0.37
3493,Site,Engineer-I,VIII,21-10-1989,31.00,0.19
3494,Noida,Engineer-I,VIII,04-04-1993,27.00,0.16
3495,Noida,Engineer-I,VIII,07-01-1993,27.00,0.23
3497,Chennai,Designer,VIII,31-01-1981,39.00,0.26
3498,Chennai,Design Associate I,IX,13-01-1985,35.00,0.21
3499,Chennai,Assistant Manager,VII,23-05-1987,33.00,0.36
3500,Noida,Deputy Manager,VII,27-07-1983,37.00,0.46
3502,Site,Engineer-II,VIII,01-07-1987,33.00,0.20
3504,Site,Engineer-II,VIII,02-05-1989,31.00,0.16
3505,Site,Deputy Manager,VII,10-06-1976,44.00,0.55
3506,Noida,Deputy Manager,VII,01-06-1982,38.00,0.48
3507,Site,Engineer-I,VIII,02-05-1988,32.00,0.31
3509,Noida,Senior Engineer,VIII,10-04-1992,28.00,0.24
3510,Noida,Assistant Manager,VII,01-06-1984,36.00,0.40
3511,Chennai,Design Associate I,IX,28-06-1985,35.00,0.20
3512,Noida,Design Associate I,IX,19-06-1986,34.00,0.25
3513,Noida,Engineer-I,VIII,22-01-1994,26.00,0.14
3514,Noida,Senior Engineer,VIII,03-03-1992,28.00,0.25
3515,Noida,Assistant Manager,VII,04-10-1988,32.00,0.39
3516,Noida,Engineer-I,VIII,24-11-1989,31.00,0.16
3518,Site,Assistant Manager,VII,20-08-1979,41.00,0.34
3519,Noida,Manager,IV,06-10-1983,37.00,0.58
3520,Noida,Engineer-I,VIII,08-12-1993,27.00,0.17
3521,Noida,Engineer-I,VIII,02-12-1989,31.00,0.16
3523,Noida,Assistant Design Controller,VII,30-06-1981,39.00,0.31
3524,Site,Senior Engineer,VIII,01-03-1991,29.00,0.21
3525,Site,Manager,VI,26-06-1968,52.00,0.52
3526,Noida,Senior Manager,V,16-07-1973,47.00,0.59
3527,Noida,Engineer-I,VIII,01-12-1992,28.00,0.23
3528,Site,Assistant Engineer,IX,15-02-1988,32.00,0.22
3530,Noida,Programmer-I,VIII,05-05-1995,25.00,0.21
3532,Chennai,Design Associate I,IX,11-06-1983,37.00,0.23
3533,Noida,Assistant Manager,VII,08-06-1983,37.00,0.39
3534,Chennai,Senior Engineer,VIII,09-06-1990,30.00,0.24
3535,Noida,Officer-III,VIII,15-04-1990,30.00,0.17
3536,Noida,Design Associate II,IX,20-05-1985,35.00,0.15
3537,Site,Engineer-I,VIII,15-05-1992,28.00,0.18
3539,Noida,Assistant Manager,VII,14-11-1988,32.00,0.37
3540,Noida,Manager,V,18-02-1980,40.00,0.53
3541,Site,Manager,VI,29-05-1981,39.00,0.54
3542,Chennai,Senior Engineer,VIII,10-06-1990,30.00,0.25
3543,Noida,Manager,VI,03-01-1980,40.00,0.60
3544,Site,Senior Engineer,VIII,15-04-1987,33.00,0.30
3545,Noida,Engineer-I,VIII,15-04-1997,23.00,0.14
3548,Noida,Senior Engineer,VIII,26-06-1986,34.00,0.27
3549,Site,Assistant Manager,VIII,26-10-1982,38.00,0.43
3550,Site,Assistant Manager,VII,14-03-1984,36.00,0.34
3551,Noida,Senior Officer,VIII,06-02-1981,39.00,0.27
3552,Noida,Engineer-I,VIII,11-03-1991,29.00,0.21
3553,Noida,Design Associate I,IX,09-11-1985,35.00,0.20
3555,Site,Engineer-I,VIII,25-07-1991,29.00,0.23
3556,Site,Assistant Engineer,IX,02-05-1985,35.00,0.17
3557,Noida,Assistant Manager,VII,22-05-1988,32.00,0.39
3558,Site,Deputy Manager,VII,27-08-1981,39.00,0.42
3559,Chennai,Engineer-I,VIII,05-04-1992,28.00,0.13
3560,Noida,General Manager,IV,01-06-1969,51.00,0.96
3561,Chennai,Designer,VIII,15-05-1991,29.00,0.20
3562,Site,Engineer-II,VIII,10-08-1986,34.00,0.22
3563,Noida,Senior Engineer,VIII,09-02-1987,33.00,0.24
3564,Noida,Deputy General Manager,IV,03-02-1973,47.00,0.83
3565,Noida,Engineer-I,VIII,19-10-1991,29.00,0.22
3566,Noida,Design Associate IV,IX,08-04-1999,21.00,0.09
3567,Site,Engineer-I,VIII,27-10-1991,29.00,0.17
3568,Noida,G.E.T,VIII,05-08-1996,24.00,0.14
3569,Noida,G.E.T,VIII,27-11-1996,24.00,0.14
3570,Noida,G.E.T,VIII,24-10-1996,24.00,0.14
3571,Noida,G.E.T,VIII,13-08-1997,23.00,0.14
3572,Noida,G.E.T,VIII,12-07-1997,23.00,0.14
3573,Noida,G.E.T,VIII,14-03-1998,22.00,0.14
3574,Noida,G.E.T,VIII,25-07-1996,24.00,0.14
3575,Noida,G.E.T,VIII,31-01-1998,22.00,0.14
3576,Noida,G.E.T,VIII,15-04-1996,24.00,0.14
3577,Chennai,G.E.T,VIII,07-06-1998,22.00,0.14
3578,Chennai,G.E.T,VIII,18-05-1997,23.00,0.14
3579,Chennai,G.E.T,VIII,29-01-1998,22.00,0.14
3580,Chennai,G.E.T,VIII,15-03-1998,22.00,0.14
3581,Noida,G.E.T,VIII,25-12-1997,23.00,0.14
3582,Noida,G.E.T,VIII,27-12-1996,24.00,0.14
3583,Noida,G.E.T,VIII,01-01-1998,22.00,0.14
3584,Noida,G.E.T,VIII,13-08-1995,25.00,0.14
3585,Noida,G.E.T,VIII,01-01-1997,23.00,0.14
3586,Noida,G.E.T,VIII,03-08-1997,23.00,0.14
3587,Noida,G.E.T,VIII,22-07-1996,24.00,0.14
3588,Noida,G.E.T,VIII,12-01-1998,22.00,0.14
3589,Noida,G.E.T,VIII,10-04-1998,22.00,0.14
3590,Noida,G.E.T,VIII,26-06-1998,22.00,0.14
3593,Noida,G.E.T,VIII,09-01-1996,24.00,0.14
3594,Site,D.E.T.,IX,24-12-1999,21.00,0.07
3595,Site,D.E.T.,IX,31-10-1998,22.00,0.07
3596,Site,D.E.T.,IX,27-07-1999,21.00,0.07
3597,Site,D.E.T.,IX,25-02-2000,20.00,0.07
3598,Site,D.E.T.,IX,27-04-1998,22.00,0.07
3599,Noida,Designer,VIII,21-09-1987,33.00,0.20
3600,Chennai,Designer,VIII,20-04-1983,37.00,0.25
3601,Site,D.E.T.,IX,06-06-1999,21.00,0.07
3602,Site,Engineer-II,VIII,15-11-1992,28.00,0.26
3603,Noida,Assistant Manager,VII,18-03-1982,38.00,0.36
3604,Chennai,Deputy Manager,VII,14-08-1979,41.00,0.41
3605,Noida,Engineer-I,VIII,05-07-1994,26.00,0.16
3607,Noida,Design Associate II,IX,11-05-1990,30.00,0.16
3608,Chennai,Senior Engineer,VIII,21-11-1987,33.00,0.25
3609,Chennai,Design Associate I,IX,01-07-1981,39.00,0.20
0162,Noida,Officer-III,IX,10-05-1961,59.00,0.26
3611,Noida,Design Associate II,IX,01-06-1981,39.00,0.20
3612,Noida,Engineer-I,VIII,18-12-1991,29.00,0.12
3613,Site,Assistant Manager,VII,10-07-1987,33.00,0.33
3616,Site,Senior Engineer,VIII,01-05-1990,30.00,0.26
3617,Site,Engineer-II,VIII,25-06-1990,30.00,0.17
3618,Pune,Design Associate II,IX,17-09-1986,34.00,0.15
3619,Site,Senior Engineer,VIII,12-01-1972,48.00,0.40
3620,Site,Senior Manager,V,01-07-1971,49.00,0.48
3621,Noida,Officer-III,VIII,01-11-1978,42.00,0.25
3622,Site,Deputy Manager,VII,15-02-1984,36.00,0.41
3623,Noida,Engineer-I,VIII,30-11-1993,27.00,0.18
3625,Chennai,Senior Engineer,VIII,18-03-1986,34.00,0.24
3626,Site,Engineer-I,VIII,18-04-1992,28.00,0.15
3627,Site,Deputy Manager,VII,07-12-1982,38.00,0.36
3628,Site,Engineer-II,VIII,05-06-1983,37.00,0.25
3629,Site,Senior Manager,V,16-07-1972,48.00,0.67
3630,Site,Assistant General Manager,V,08-01-1978,42.00,0.64
3631,Chennai,Assistant Manager,VII,10-01-1988,32.00,0.32
3632,Noida,Engineer-II,VIII,19-11-1989,31.00,0.19
3633,Noida,Design Associate II,IX,23-04-1992,28.00,0.16
3634,Noida,Design Associate IV,IX,17-03-1997,23.00,0.06
3635,Noida,Design Associate IV,IX,02-11-1997,23.00,0.06
3636,Noida,Design Associate IV,IX,18-08-1998,22.00,0.06
3637,Noida,Assistant Manager,VII,11-12-1990,30.00,0.42
3638,Noida,Senior Manager,V,06-05-1979,41.00,0.57
3640,Site,Senior Engineer,VIII,13-07-1987,33.00,0.22
3641,Site,Deputy Manager,VII,28-05-1982,38.00,0.43
3642,Noida,Officer-I,VIII,03-04-1983,37.00,0.26
3643,Chennai,Deputy Manager,VII,03-10-1984,36.00,0.43
3644,Site,Engineer-II,VIII,11-10-1977,43.00,0.21
0239,Noida,Officer-II,VIII,19-11-1963,57.00,0.26
3646,Site,Manager,VI,04-04-1978,42.00,0.42
3647,Noida,Deputy Manager,VII,04-03-1983,37.00,0.53
3648,Noida,Deputy Design Controller,VII,25-01-1977,43.00,0.45
3650,Site,Senior Manager,V,04-02-1978,42.00,0.49
5044,Noida,Officer-II,VIII,10-07-1964,56.00,0.26
3652,Site,Assistant Manager,VII,08-06-1986,34.00,0.32
3653,Noida,Design Associate I,VIII,07-11-1989,31.00,0.22
3654,Noida,Design Associate I,IX,07-02-1989,31.00,0.22
3655,Noida,Senior Manager,V,30-10-1970,50.00,0.64
3656,Noida,Design Associate I,IX,20-03-1985,35.00,0.22
3657,Site,Engineer-II,VIII,24-01-1980,40.00,0.17
3658,Chennai,Deputy General Manager,IV,17-03-1979,41.00,0.88
3659,Chennai,Design Associate I,IX,25-03-1983,37.00,0.27
3660,Noida,Engineer-I,VIII,20-09-1995,25.00,0.14
3661,Noida,Design Associate IV,IX,17-03-1999,21.00,0.06
3662,Noida,Design Associate II,IX,10-06-1989,31.00,0.19
3663,Noida,Design Associate I,IX,18-04-1982,38.00,0.21
3664,Chennai,Design Associate II,IX,26-05-1987,33.00,0.15
3665,Noida,Senior Engineer,VIII,23-10-1990,30.00,0.22
3666,Noida,Manager,VI,19-08-1982,38.00,0.50
3667,Noida,Senior Manager,V,20-12-1977,43.00,0.59
3668,Noida,Design Associate II,IX,04-10-1983,37.00,0.15
3669,Noida,Assistant Manager,VII,15-08-1971,49.00,0.41
3670,Noida,Assistant Manager,VII,12-08-1985,35.00,0.32
3671,Chennai,Deputy Manager,VII,01-06-1982,38.00,0.37
3672,Noida,Junior Officer,IX,21-10-1981,39.00,0.16
3673,Noida,Assistant Manager,VII,28-07-1984,36.00,0.40
3674,Chennai,Assistant Manager,VII,15-04-1982,38.00,0.33
3675,Noida,Senior Engineer,VIII,25-05-1991,29.00,0.27
3676,Noida,Design Associate I,IX,25-02-1989,31.00,0.17
3677,Noida,Assistant Manager,VII,19-11-1983,37.00,0.35
3678,Noida,Senior Engineer,VIII,20-03-1987,33.00,0.29
3679,Noida,Assistant Manager,VII,29-10-1986,34.00,0.34
3680,Site,Senior Engineer,VIII,08-03-1983,37.00,0.27
3681,Noida,Design Associate I,IX,10-10-1987,33.00,0.17
3682,Site,Engineer-I,VIII,28-06-1988,32.00,0.22
3683,Noida,Officer-III,VIII,25-10-1980,40.00,0.19
3684,Chennai,Senior Engineer,VIII,16-01-1985,35.00,0.31
3685,Chennai,Assistant Manager,VII,01-07-1985,35.00,0.38
3686,Noida,Design Associate IV,IX,05-01-1995,25.00,0.10
3688,Noida,Executive I,VII,18-05-1968,52.00,0.36
3690,Noida,Senior Engineer,VIII,08-06-1989,31.00,0.25
0228,Noida,Officer-II,VIII,01-01-1967,53.00,0.26
3692,Site,Senior Engineer,VIII,11-03-1985,35.00,0.31
3693,Site,Assistant General Manager,V,05-06-1970,50.00,0.70
3694,Noida,Deputy Manager,VII,05-09-1981,39.00,0.46
3695,Site,Assistant Manager,VII,19-02-1987,33.00,0.33
3696,Site,Senior Engineer,VIII,07-11-1987,33.00,0.26
3697,Noida,Engineer-I,VIII,12-07-1992,28.00,0.18
3698,Noida,Engineer-II,VIII,07-06-1987,33.00,0.20
3699,Site,Engineer-I,VIII,10-07-1992,28.00,0.14
3700,Noida,Manager,VI,25-11-1975,45.00,0.46
3701,Noida,Senior Engineer,VIII,15-05-1980,40.00,0.32
3702,Chennai,Assistant Manager,VII,09-08-1987,33.00,0.36
3703,Noida,Design Associate II,IX,22-01-1988,32.00,0.15
3704,Noida,Engineer-I,VIII,31-12-1992,28.00,0.18
3705,Noida,Assistant Manager,VII,09-01-1987,33.00,0.35
3706,Site,Engineer-I,VIII,02-02-1987,33.00,0.22
3707,Noida,Deputy Manager,VII,05-09-1980,40.00,0.53
3708,Noida,Senior Manager,V,01-09-1975,45.00,0.61
3709,Noida,Deputy Manager,VII,01-03-1979,41.00,0.50
3710,Site,Engineer-I,VIII,13-06-1991,29.00,0.21
3711,Noida,Senior Engineer,VIII,10-07-1988,32.00,0.25
3712,Noida,Design Associate I,IX,28-11-1989,31.00,0.21
3713,Site,Engineer-I,VIII,13-05-1988,32.00,0.23
3714,Noida,Design Associate IV,IX,21-12-1991,29.00,0.13
3715,Site,Senior Engineer,VIII,10-03-1988,32.00,0.23
3716,Chennai,Designer,VIII,12-12-1982,38.00,0.24
3717,Noida,Assistant Manager,VII,23-08-1972,48.00,0.49
3718,Noida,G.E.T,VIII,03-03-1997,23.00,0.14
3719,Noida,G.E.T,VIII,01-07-1996,24.00,0.14
3720,Noida,G.E.T,VIII,02-02-1995,25.00,0.14
3721,Noida,Senior Engineer,VIII,29-05-1986,34.00,0.29
3722,Noida,Manager,VI,07-10-1977,43.00,0.57
3723,Noida,Senior Engineer,VIII,07-01-1992,28.00,0.20
3724,Noida,Senior Engineer,VIII,20-05-1991,29.00,0.24
3725,Noida,Deputy Manager,VII,15-07-1983,37.00,0.45
3726,Noida,Senior Engineer,VIII,12-08-1985,35.00,0.33
3727,Site,Engineer-I,VIII,01-07-1982,38.00,0.27
3728,Site,Engineer-II,VIII,25-02-1978,42.00,0.28
3729,Site,Manager,VI,05-10-1973,47.00,0.58
3730,Site,Senior Engineer,VIII,14-05-1988,32.00,0.26
3731,Noida,Assistant General Manager,V,23-10-1974,46.00,0.79
3732,Site,Senior Engineer,VIII,27-07-1987,33.00,0.21
3733,Site,Assistant Manager,VII,23-06-1976,44.00,0.28
3734,Site,Assistant Manager,VII,01-10-1981,39.00,0.39
3735,Noida,Deputy Manager,VII,28-12-1982,38.00,0.45
3736,Noida,Engineer-I,VIII,03-06-1993,27.00,0.21
3737,Noida,Senior Engineer,VIII,02-08-1984,36.00,0.29
3738,Noida,Design Associate II,IX,25-03-1988,32.00,0.24
3739,Site,Assistant Manager,VII,22-07-1980,40.00,0.35
3740,Site,Engineer-I,VIII,27-05-1990,30.00,0.22
3741,Chennai,Assistant Manager,VII,28-01-1986,34.00,0.34
3742,Noida,Senior Manager,VII,01-02-1980,40.00,0.64
3743,Chennai,Design Associate IV,IX,01-09-1998,22.00,0.10
3744,Site,Engineer-II,VIII,25-07-1987,33.00,0.15
3745,Noida,Senior Engineer,VIII,13-07-1990,30.00,0.37
3746,Noida,Senior Engineer,VIII,01-09-1987,33.00,0.22
3747,Noida,Assistant Manager,VII,13-08-1985,35.00,0.33
0200,Noida,Officer-III,IX,19-03-1964,56.00,0.25
3338,Noida,Associate Vice President,IIIB,04-09-1973,47.00,0.90
5071,Noida,Officer-II,VIII,16-02-1961,59.00,0.24
5021,Noida,General Manager,IV,20-11-1968,52.00,0.97
5060,Noida,Officer-II,VIII,18-05-1964,56.00,0.23
5045,Noida,Officer-I,VIII,13-07-1968,52.00,0.32
0225,Noida,Assistant Officer,IX,30-12-1961,59.00,0.23
5051,Noida,Assistant Officer,IX,22-08-1960,60.00,0.23
5063,Noida,Workers,XII,01-08-1973,47.00,0.04
1475,Noida,Assistant Engineer,IX,12-07-1967,53.00,0.21
3474,Pune,Designer,VIII,16-04-1964,56.00,0.18
0224,Noida,Junior Officer,X,11-08-1965,55.00,0.15
5099,Noida,General Manager,IV,02-04-1969,51.00,0.86
5103,Noida,Senior Officer,VIII,18-06-1977,43.00,0.33
5104,Noida,Executive I,VII,07-03-1968,52.00,0.38
5105,Noida,Officer-I,VIII,25-11-1976,44.00,0.31
5139,Noida,Officer-III,IX,20-03-1985,35.00,0.23
5001,Noida,Executive Director,I,02-12-1946,74.00,3.18
5142,Noida,Associate Vice President,IV,14-11-1975,45.00,1.05
5145,Noida,Manager,VI,09-09-1976,44.00,0.51
5089,Noida,Workers,XII,26-04-1960,60.00,0.04
5148,Noida,Manager,VI,05-08-1979,41.00,0.57
0234,Noida,Workers,XII,15-02-1960,60.00,0.04
5169,Noida,Officer-III,IX,14-07-1981,39.00,0.23
5170,Noida,Officer-III,IX,25-01-1978,42.00,0.24
5172,Noida,Senior Officer,VIII,01-08-1970,50.00,0.35
0233,Noida,Workers,XII,01-03-1963,57.00,0.04
5176,Noida,Senior Officer,VIII,05-02-1986,34.00,0.36
5185,Noida,Assistant General Manager,V,20-07-1972,48.00,0.72
5191,Noida,Assistant Officer,IX,03-05-1986,34.00,0.18
5192,Noida,Executive I,VIII,11-09-1979,41.00,0.39
5173,Noida,Head,II,18-03-1959,61.00,2.65
5207,Noida,Senior Officer,VIII,08-12-1983,37.00,0.31
5208,Noida,Deputy Manager,VII,07-07-1979,41.00,0.49
5215,Noida,Assistant Officer,IX,18-01-1996,24.00,0.21
5216,Noida,Assistant Officer,IX,08-12-1982,38.00,0.20
5217,Noida,Assistant Manager,VII,30-05-1974,46.00,0.42
5219,Noida,Assistant Manager,VII,07-10-1988,32.00,0.39
5220,Noida,Deputy General Manager,IV,26-02-1968,52.00,0.91
5221,Noida,Officer-III,VIII,21-11-1982,38.00,0.25
5223,Noida,Junior Officer,IX,01-02-1989,31.00,0.19
5224,Noida,Officer-III,VIII,15-09-1984,36.00,0.21
5226,Noida,Junior Officer,IX,04-05-1991,29.00,0.17
5227,Noida,Officer-II,VIII,31-03-1995,25.00,0.13
5230,Noida,Assistant General Manager,IV,07-01-1978,42.00,0.83
2832,Noida,Engineer-II,II,25-11-1982,38.00,0.24
5234,Noida,Officer-II,VIII,18-04-1985,35.00,0.28
