DELIVERY_LOCATION,PURCHNAME,PALLETS ,LINEAMOUNT,prediction
"1 Angel Square
Manchester
M60 OAG
GBR",Lenham Storage Co Ltd,5,371.05,186.9414285714286
"1 avenue de Brehat
91140Villebon-sur-Yvette
FRA",DHL Express Ltd,5,750,127.57142857142857
"1 Coddington Crescent
Motherwell
ML1 4YF
GBR",Hoddesdon Distribution Ltd,3,650,105
"1 Uxbridge Road Hayes
hayes
UB4 0JU
GBR",Hoddesdon Distribution Ltd,34,1030,811.0357142857143
"1 Uxbridge Road Hayes
hayes
UB4 0JU
GBR",Shakespeare Transport Ltd,3,148.05,148.57857142857142
"10 Avenue Marcelin Berthelot
F-92390Villeneuve la Garenne
FRA",Barron Wood Distribution Ltd,96,1820,1493.142857142857
"109-111 Lozells Road
West Midlands
B19 2TR
GBR",Hoddesdon Distribution Ltd,41.95,1650,1389.1285714285714
"109-111 Lozells Road
West Midlands
B19 2TR
GBR",Salvatori Medway Ltd,3,100.5,231.52142857142857
"109-111 Lozells Road
West Midlands
B19 2TR
GBR",Shakespeare Transport Ltd,3,120.15,231.52142857142857
"125 River Road
Barking
IG11 0EG
GBR",Shakespeare Transport Ltd,4,193.2,80.91428571428571
"1-3 Stadium ClosePenarth Road
Cardiff, Wales
CF11 8TS
GBR",Hoddesdon Distribution Ltd,31,840,478
"14 Leofric SquareVicragefarm Road
Peterborough
PE1 5TU
GBR",Salvatori Medway Ltd,3,100.5,139.52142857142857
"14 Leofric SquareVicragefarm Road
Peterborough
PE1 5TU
GBR",Shakespeare Transport Ltd,3,120.15,41.949999999999996
"14a Missouri Avenue

Manchester
M50 2NP
GBR",Hoddesdon Distribution Ltd,7,330,23.142857142857142
"16 Cornwall Road
Smethwick
Birmingham
Birmingham
B66 2JS
GBR",Hoddesdon Distribution Ltd,5,195,48.285714285714285
"169 Ettingshall Road
Wolverhampton
WV2 2RB
GBR",Hoddesdon Distribution Ltd,97,2765,2775.7142857142862
"173 Elswick Street Elswick
Newcastle Upon Tyne
NE4 6SR
GBR",Hoddesdon Distribution Ltd,3.02,165,43.142857142857146
"173 Elswick Street Elswick
Newcastle Upon Tyne
NE4 6SR
GBR",Salvatori Medway Ltd,3,115.5,133.42857142857142
"19 Mitre Road
Longsight, Manchester
M13 0NU
GBR",Hoddesdon Distribution Ltd,3.01,225,69.22857142857143
"19 Mitre Road
Longsight, Manchester
M13 0NU
GBR",Salvatori Medway Ltd,3,100.5,159.5142857142857
"19 Mitre Road
Longsight, Manchester
M13 0NU
GBR",Shakespeare Transport Ltd,3,135.6,62.51428571428572
"2 Brearton Street
Bradford
BD1 3ED
GBR",Shakespeare Transport Ltd,3,120.15,30.307142857142857
"2 Cornwall Road
Smethwick

Birmingham
B66 2JR
GBR",Hoddesdon Distribution Ltd,21,360,297.14285714285717
"2 Mandarin Way Pattison Ind. Estate District 15
Washington
NE38 8QA
GBR",Hoddesdon Distribution Ltd,230,7355,7140.7142857142835
"2 Princess Road  West Sussex
Crawley
RH11 7BJ
GBR",Hoddesdon Distribution Ltd,15.91,1015,457.7142857142858
"2 Princess Road  West Sussex
Crawley
RH11 7BJ
GBR",Shakespeare Transport Ltd,4.97,236.5,179.74285714285713
"201 Glasgow Rd Rutherglen
Glasgow
G73 1SU
GBR",Shakespeare Transport Ltd,10.8,555.5,104.34285714285714
"203 Dunstable Road
Luton
LU1 100
GBR",Shakespeare Transport Ltd,3,120.15,30.021428571428572
"21 High View Close
Hamilton Office Park
Leicester
LE4 PEX
GBR",Hoddesdon Distribution Ltd,5,195,48.285714285714285
"228 Portland Road
Hove
BN3 5QT
GBR",Shakespeare Transport Ltd,3,141.9,33.41428571428572
"237 -239 South Road 
Birmingham
B18 5JS
GBR",Hoddesdon Distribution Ltd,48,1155,919
"237 -239 South Road 
Birmingham
B18 5JS
GBR",Salvatori Medway Ltd,2,69,276.42857142857144
"265-269 Linthorpe Road
Middlesbrough
TS1 4AS
GBR",Salvatori Medway Ltd,3,115.5,126.35714285714286
"272-274 Gladstone Street
Peterborough
PE1 2BS
GBR",Shakespeare Transport Ltd,3,120.15,15.285714285714286
"282 Farnham Road
Slough
SL1 4XL
GBR",Shakespeare Transport Ltd,2.18,86.3,28.47142857142857
"298-300 Linthorpe Road
Middlesbrough
TS1 3QU
GBR",Hoddesdon Distribution Ltd,4,380,74.71428571428571
"29A Orchard Street
Western Super Mare
BS23 1RG
GBR",Shakespeare Transport Ltd,3,126.45,30.349999999999998
"3 Avenue de Br?hat Villebon-sur-Yvette 
91140Essonne
FRA",DHL Express Ltd,14,2085,353.1428571428571
"3 Avenue de Br?hat Villebon-sur-Yvette 
91140Essonne
FRA",DHL Global Forwarding UK Ltd,4,750,225
"3 Wollaston CrescentBurnt Mills Industrial Este
Basildon
SS13 1QD
GBR",Hoddesdon Distribution Ltd,3,140,32.285714285714285
"32 Avis Way
New Haven
West Sussex
BN9 0DD
GBR",Hoddesdon Distribution Ltd,11,470,119.42857142857143
"40 Coldhurst Street
Oldham
OL1 2BQ
GBR",Salvatori Medway Ltd,4,130,136.85714285714286
"401 Edinburgh Road Newhouse  Motherwell  North Lanarkshire
Motherwell
ML1 5GH
GBR",Lenham Storage Co Ltd,76,4831.25,4659.912857142856
"401 Edinburgh Road Newhouse  Motherwell  North Lanarkshire
Motherwell
ML1 5GH
GBR",Lenham Storage Co. Ltd,17,793.23,891.3828571428571
"44 Watts Grove
Bow
E3 3RE
GBR",Hoddesdon Distribution Ltd,99,1975,1766.5714285714287
"46 Bishopscote Road
Luton
LU3 1PB
GBR",Shakespeare Transport Ltd,3,120.15,31.164285714285715
"460-462 London Road
Croydon
CR0 2SS
GBR",Hoddesdon Distribution Ltd,3.92,160,23.142857142857142
"49 ramsay street
Rochdale
OL16 2BX
GBR",Hoddesdon Distribution Ltd,8.15,660,224.85714285714286
"5 Rima House, A13 Approach, Ripple Road, 					
					

Barking
IG11 0RH
GBR",Hoddesdon Distribution Ltd,52,520,590
"5 Solar Way Innova Park
Enfield
EN3 7XY
GBR",Hoddesdon Distribution Ltd,111,3720,3645.7142857142862
"55-56 St Mary's Road
Southampton
SO14 0BH
GBR",Shakespeare Transport Ltd,6,280.65,65.84285714285714
"57 Kind Edwards Road
Barking
IG11 7TS
GBR",Salvatori Medway Ltd,3,117,126.57142857142857
"59 Gresham Road
Middlesborough
TS1 4LT
GBR",Hoddesdon Distribution Ltd,4,380,74.71428571428571
"63 Ifield Road
Crawley
RH11 7AS
GBR",Shakespeare Transport Ltd,2,94.6,29.657142857142855
"675A Mitcham Road
Croydon
CR0 3AF
GBR",Salvatori Medway Ltd,1,41,146.5
"675A Mitcham Road
Croydon
CR0 3AF
GBR",Shakespeare Transport Ltd,5,241.5,100
"7 Distribution Center 7500 Skyline Drive
Warrington
WA5 3TP
GBR",Hoddesdon Distribution Ltd,702,13582,13641.571428571422
"7 Solar Way Innova Park
Enfield
EN3 7XY
GBR",Hoddesdon Distribution Ltd,3,135,31.571428571428573
"7 Solar WayInova Park
Enfield
EN3 7XY
GBR",Hoddesdon Distribution Ltd,9,405,259.13571428571424
"7 Solar WayInova Park
Enfield
EN3 7XY
GBR",Salvatori Medway Ltd,3,108,184.2357142857143
"7 Solar WayInova Park
Enfield
EN3 7XY
GBR",Shakespeare Transport Ltd,3,181.65,86.37857142857142
"7/9 Blackwater Way
Aldershot
GU12 4DG
GBR",Hoddesdon Distribution Ltd,9.03,490,177.14285714285714
"730 Oxford Road,
Reading
RG30 1EH
GBR",Hoddesdon Distribution Ltd,6,250,56.142857142857146
"732 Oxford Road Reading Berkshire RG30 1EL
Reading
RG30 1EL
GBR",Shakespeare Transport Ltd,2,84.3,28.185714285714287
"732 Oxford Road
Reading
RG30 1EL
GBR",Shakespeare Transport Ltd,2,92.2,28.02857142857143
"733 Alum Rock Road
Satley
B8 2NY
GBR",Hoddesdon Distribution Ltd,3.07,162,37.021428571428565
"733 Alum Rock Road
Satley
B8 2NY
GBR",Shakespeare Transport Ltd,3,120.15,30.021428571428572
"75 Doncaster Road
Wakefield
WF1 5DX
GBR",Hoddesdon Distribution Ltd,4,225,52.57142857142857
"75-83 Oldham Road
Ashton Under Lyne
OL6 7DF
GBR",Shakespeare Transport Ltd,2.86,120.15,31.592857142857145
"76 Canterbury Road Croydon
Croydon
CR0 3HA
GBR",Hoddesdon Distribution Ltd,6,240,54.714285714285715
"84 Toryglen Street
Glasgow
G5 0BH
GBR",Hoddesdon Distribution Ltd,6,780,215.43571428571428
"84 Toryglen Street
Glasgow
G5 0BH
GBR",Shakespeare Transport Ltd,17,944.35,646.3071428571428
"870 Stratford Road
Birmingham
B11 4BS
GBR",Shakespeare Transport Ltd,6.01,240.3,96.51428571428572
"9 Tweedale Street
Rochdale
OL11 1HH
GBR",Shakespeare Transport Ltd,3,120.15,15.285714285714286
"94-96 Cromer Street
Kings Cross
WC1H 8DD
GBR",Hoddesdon Distribution Ltd,4.93,250,56.142857142857146
"953/959 Garret Lane
Tooting
SW17 0LW
GBR",Shakespeare Transport Ltd,2.89,521.1,77.05714285714285
"A Division of Samworth Brothers Limited- Oak Spinney Park Ratby Lane Forest East
Leicester
LE3 3JZ
GBR",Hoddesdon Distribution Ltd,9,1050,631.5714285714286
"Ahmed Building Thornbury Road
Bradford
BD3 8HE
GBR",Shakespeare Transport Ltd,2.93,120.15,15.285714285714286
"Ahmed HouseBelle Vue Avenue
Longsight , Manchester
M12 4AS
GBR",Hoddesdon Distribution Ltd,10,550,150.04285714285714
"Ahmed HouseBelle Vue Avenue
Longsight , Manchester
M12 4AS
GBR",Shakespeare Transport Ltd,5.97,240.3,133.18571428571428
"Altendiez Way
Burton Latimer
NN15 5YT
GBR",Hoddesdon Distribution Ltd,667.97,11165,11136.571428571426
"Amotherby Malton
Malton
YO17 6TQ
GBR",Hoddesdon Distribution Ltd,7,710,228.7142857142857
"Andover Business Park Pioneer Road
Andover
SP11 8EZ
GBR",Lenham Storage Co Ltd,57,1497.49,1371.9142857142858
"Andover Business Park Pioneer Road
Andover
SP11 8EZ
GBR",Lenham Storage Co. Ltd,19,424.15,390.0357142857143
"Ash Road South Wrexham Ind Estate
Wrexham, Wales
LL13 9UG
GBR",Hoddesdon Distribution Ltd,146,4760,5120
"Ash Road South Wrexham Industrial Estate  Clwyd  Wrexham
Wrexham, Wales
LL13 9UG
GBR",Hoddesdon Distribution Ltd,44,1305,739.8571428571429
"Atlas Wharf Berkshire Road
London
E9 5NB
GBR",Hoddesdon Distribution Ltd,156,2510,2588.571428571429
"Atlas Wharf Berkshire Road
London
E9 5NB
GBR",Salvatori Medway Ltd,26,325,302.14285714285717
"Auer Str.19
89257Illertissen
DEU",Fercam Austria Gmbh,22,1371.24,411.42857142857144
"Axletree Way Wednesbury 
Birmingham
WS10 9QY
GBR",Hoddesdon Distribution Ltd,4,300,23.142857142857142
"Berkshire Road London
London
E9 5NB
GBR",Hoddesdon Distribution Ltd,5,160,43.285714285714285
"Booth Drive Parkfarm Ind. Estate    Wellingborough  Northants
Wellingborough
NN8 6GR
GBR",Hoddesdon Distribution Ltd,20,825,577
"Bridgeport Business Park Unit 455 Hastings Road
Leicester
LE5 0BT
GBR",Shakespeare Transport Ltd,3,120.15,31.592857142857145
"Brown Street Globe Works
Accrington
BB5 0RH
GBR",Shakespeare Transport Ltd,6,240.3,90.65714285714286
"c/o DHL Foxhills Ind Est
Scunthorpe
DN159YA
GBR",Hoddesdon Distribution Ltd,142,5285,5255
"Cameron Wood  Nettlehill Rd Houston Industrial Estate
LIVINGSTON
EH54 5DL
GBR",Hoddesdon Distribution Ltd,30,3600,2141.142857142857
"Caresgate Road South
Inverness
IV3 8LL
GBR",Shakespeare Transport Ltd,11,906.6,430.25714285714287
"Carriden Industrial EstateBridgemess Road
Bo'ness
EH51 9SJ
GBR",Hoddesdon Distribution Ltd,3,440,75.71428571428571
"Chillpark Brake Clyst Honiton 
Exeter
EX5 2FU
GBR",Hoddesdon Distribution Ltd,17,1600,735.8571428571429
"Cob Drive Swan Valley
Northampton
NN4 9BB
GBR",Hoddesdon Distribution Ltd,278,7030,7611.5714285714275
"Cobden House, 
Cobden Street

Leicester
LE1 2LB
GBR",Hoddesdon Distribution Ltd,4,162,43.57142857142857
"Crossways Business Park Galleon Boulevard
Dartford
DA2 6QL
GBR",Hoddesdon Distribution Ltd,783,7090,7389.142857142856
"Davy Close Park Farm Ind Est
Wellingborough
NN8 6XX
GBR",Hoddesdon Distribution Ltd,319,5145,5275.000000000001
"Deeside Industrial Park
Deeside, Flintshire
CH5 2NW
GBR",Hoddesdon Distribution Ltd,20,1480,701.1428571428571
"Dhamecha C & C 2 Fordmil Road Catford
Lewisham
SE6 3JH
GBR",Shakespeare Transport Ltd,4,231.6,65.37142857142858
"Dhamecha C & C 243 Blyth Road
Hayes
UB3 1RY
GBR",Shakespeare Transport Ltd,4,197.4,60.48571428571428
"Dhamecha Cash & Carry 101 Cobden Street
Leicester
LE1 2LB
GBR",Shakespeare Transport Ltd,4,160.2,70.62857142857142
"Do not use staples in PW Laburnum Farm Old Leake 
Boston
PE22 9PN
GBR",Hoddesdon Distribution Ltd,25,1755,1397.7142857142856
"Do not use staples in PW Langley Park Chalk Lane
Sutton Bridge
PE12 9YF
GBR",Hoddesdon Distribution Ltd,376,7695,7480
"Do not use staples in PW Langley Park Chalk Lane
Sutton Bridge
PE12 9YF
GBR",Salvatori Medway Ltd,24,525,400.7142857142857
"Dolphin Way Purfleet
Purfleet
RM19 1NZ
GBR",Hoddesdon Distribution Ltd,8,270,157.4
"Dolphin Way Purfleet
Purfleet
RM19 1NZ
GBR",Salvatori Medway Ltd,1,38,168.27142857142857
"Dolphin Way Purfleet
Purfleet
RM19 1NZ
GBR",Shakespeare Transport Ltd,3,144.9,71.12857142857142
"Drum Ind Est Chester-Le-Street
Durham
DH2 1AE
GBR",Lenham Storage Co Ltd,32,1733.87,1597.3885714285716
"Drum Ind Est Chester-Le-Street
Durham
DH2 1AE
GBR",Lenham Storage Co. Ltd,5,278.19,254.65142857142857
"Earlsgate Park Earls Road   Grangemouth  Stirlingshire
Stirlingshire
FK3 8UZ
GBR",Hoddesdon Distribution Ltd,529,23031,22929
"Elmshall Drive Dale Lane Industrial Estate
Pontefract
WF9 2RH
GBR",Hoddesdon Distribution Ltd,4,250,97.14285714285714
"FAO Kerry Terrington Greencore Food to go Spalding Wardentree Lane Pinchbeck
Spalding
PE11 3UY
GBR",Hoddesdon Distribution Ltd,2,200,43.42857142857143
"Fesa 
Clay lake 
Spalding
PE12 6BL
GBR",Hoddesdon Distribution Ltd,165,3815,4070
"Fishers Way Crabtree Manor Way   Kent
Belvedere
DA17 6BS
GBR",Hoddesdon Distribution Ltd,15,630,229.42857142857144
"Fishers Way Crabtree Manor Way  Belvedere Kent
DA17 6BS
GBR",Hoddesdon Distribution Ltd,2,140,36.142857142857146
"Foxbridge Way Off Pontefract Road Normanton
Wakefield
WF6 1TN
GBR",Hoddesdon Distribution Ltd,474,8838,9015.57142857143
"Furnham Rd
Chard
TA20 1AA
GBR",Hoddesdon Distribution Ltd,42,2780,2650
"Golden House Golden Bus Park Orient Way
Leyton
E10 7FE
GBR",Hoddesdon Distribution Ltd,45,885,791.7142857142858
"Greenbank Business Park Blakewater Road
Blackburn
BB1 3HU
GBR",Shakespeare Transport Ltd,9,360.45,135.9857142857143
"Greencore Food to go Spalding Wardentree Lane Pinchbeck
Spalding
PE11 3UY
GBR",Hoddesdon Distribution Ltd,4,400,86.85714285714286
"Greencore Prepared Foods Hownsgill Park Consett Co. Durham
Co Durahm
DH8 7NU
GBR",Hoddesdon Distribution Ltd,80,4320,4020.571428571428
"Greencore Prepared Foods Hownsgill Park Consett Co. Durham
DH8 7NU
GBR",Hoddesdon Distribution Ltd,52,2270,1425.142857142857
"Greencore Prepared Foods Hownsgill Park Consett Co. Durham
DH8 7NU
GBR",Salvatori Medway Ltd,8,382,337.42857142857144
"Hailey Rd. Business Park
Erith
DA18 4AR
GBR",Hoddesdon Distribution Ltd,193,3458,3579.714285714286
"Halfords Park Halfords Lane
Smethwick
B66 1EL
GBR",Hoddesdon Distribution Ltd,6,296,104.85714285714286
"HAYDOCK IND EST HAYDOCK
St Helens
WA11 9WD
GBR",Hoddesdon Distribution Ltd,77,3450,3138.142857142857
"Hilbert House
New Street

Manchester
M40 8AW
GBR",Hoddesdon Distribution Ltd,26,1275,701.6571428571428
"Hilbert House
New Street

Manchester
M40 8AW
GBR",Shakespeare Transport Ltd,3,120.15,158.59285714285716
"Hulme Hall Lane Lord North Street Miles Platting
Manchester
M40 8AD
GBR",Hoddesdon Distribution Ltd,4,225,23.142857142857142
"Hulme Hall Lane Lord North Street Miles Platting
Manchester
M40 8AD
GBR",Shakespeare Transport Ltd,3,120.15,15.285714285714286
"Ibco Building Hulme Hall laneLord North Street
Manchester
M40 8AD
GBR",Shakespeare Transport Ltd,3,120.15,15.285714285714286
"Imperial Way
Watford
WD24 4UA
GBR",Shakespeare Transport Ltd,2,90.4,38.91428571428571
"Industrial Estate
Chester-Le-Street
DH2 1AE
GBR",Lenham Storage Co Ltd,5,278.19,153.2342857142857
"Ivatt WayIvatt Business Park Westwood Industrial Estate
Peterborough
PE3 7PH
GBR",Hoddesdon Distribution Ltd,23,695,449.6357142857143
"Ivatt WayIvatt Business Park Westwood Industrial Estate
Peterborough
PE3 7PH
GBR",Shakespeare Transport Ltd,3,120.15,96.16428571428571
"K ing St Rudheath (A556/A533)
Northwich
CW9 7WA
GBR",Hoddesdon Distribution Ltd,484.94,12637.5,12595.571428571428
"Kent Street
Preston
PR1 1PT
GBR",Hoddesdon Distribution Ltd,12,645,221.42857142857142
"Keurweg 24  

5145NX Waalwijk 
NLD",Barron Wood Distribution Ltd,26,495,337.2857142857143
"Killamonan Road The Ward Co.Dublin
Co dublin
DublinDublin
IRL",Roche freight (Ireland) Ltd,12.19,1887.11,1621.0628571428572
"Killamonan Road The Ward Co.Dublin
Co dublin
DublinDublin
IRL",Roche freight Ireland Ltd,31.84,5002.44,4859.54
"Kings Road
Bridgwater
TA6 4FG
GBR",Hoddesdon Distribution Ltd,431,13944,13920.571428571431
"Livingstone Road
Andover
SP10 5LA
GBR",Hoddesdon Distribution Ltd,9,489,80
"Livingstone Road
Andover
SP10 5LA
GBR",Veetee Foods Limited,48,11448,1893.5714285714287
"London Street Magnum Building
Leicester
LE5 3RL
GBR",Hoddesdon Distribution Ltd,5,195,48.285714285714285
"M & S Distribution Centre  Pro Logis Park. Newhall Way 
Bradford
BD5 8L
GBR",Hoddesdon Distribution Ltd,21,440,307.7142857142857
"Magna Park A5 Watling Street
Lutterworth
LE17 4QU
GBR",Hoddesdon Distribution Ltd,666,9036,9034.142857142859
"Main Warehouse Bays 10 to 13 Gousto C O Bowmans Chilled Stores Camel Gate
Spalding
PE12 6HA
GBR",Hoddesdon Distribution Ltd,124,2720,2504.142857142857
"Manchester Superstore 
Florence St
Bradford
BD3 8EX
GBR",Hoddesdon Distribution Ltd,7,390,140.28571428571428
"Manchester Superstore, Florence St, 
Bradford
BD3 8EX
GBR",Hoddesdon Distribution Ltd,3,165,35.857142857142854
"Maxted Road Hemel Hempstead Ind Estate
Hemel Hempstead
HP2 7DX
GBR",Hoddesdon Distribution Ltd,2,170,39.142857142857146
"Melford Road Righead Industrial Estate
Bellshill
ML4  3QD
GBR",Hoddesdon Distribution Ltd,317.97,25572,26066.857142857145
"Milton Park Milton
Abingdon
OX14 4TF
GBR",Hoddesdon Distribution Ltd,496,6998,7619.285714285711
"Mount Street  Off Bowling Back Lane
Bradford
BD4 8TA
GBR",Salvatori Medway Ltd,3,109.5,125.5
"MOUNT STREET OFF BOWLING BACK LANE
Bradford
BD4 8TA
GBR",Shakespeare Transport Ltd,3,120.15,15.285714285714286
"Mr Shabir Ahmed36 Park Road Oldham
Oldham
OL8 1DB
GBR",Hoddesdon Distribution Ltd,9,500,150.04285714285714
"Mr Shabir Ahmed36 Park Road Oldham
Oldham
OL8 1DB
GBR",Shakespeare Transport Ltd,3,120.15,66.87857142857142
"Murrayfield Road  Braunstone Frith Ind Estate   
Leicester
LE3 1UW
GBR",Lenham Storage Co Ltd,38,1460.3,1565.8342857142857
"Murrayfield Road  Braunstone Frith Ind Estate   
Leicester
LE3 1UW
GBR",Lenham Storage Co. Ltd,5,167.03,160.00285714285718
"Newhouse Farm Ind Est
Chepstow
NP6 6UD
GBR",Hoddesdon Distribution Ltd,519,9403,9342.142857142857
"Off Silverdale Road Pump Lane
Hayes
UB3 3BL
GBR",Hoddesdon Distribution Ltd,49,1341,1021.4285714285714
"Oliver Road
West Thurrock
RM20 3EN
GBR",Lenham Storage Co Ltd,73,1709.51,1603.0400000000002
"Oliver Road
West Thurrock
RM20 3EN
GBR",Lenham Storage Co. Ltd,16,283.79,316.9085714285714
"Palmer Avenue Severn Beach 
Bristol
BS35 4GG
GBR",Hoddesdon Distribution Ltd,4,340,23.142857142857142
"Penzance Drive Churchward Park
Swindon
SN5 7JF
GBR",Hoddesdon Distribution Ltd,61,3605,3549.285714285714
"Popular Way West Cabot park Avonmouth  Bristol
Bristol
BS11 0YW
GBR",Lenham Storage Co Ltd,91,2849.74,2745.0185714285712
"Popular Way West Cabot park Avonmouth  Bristol
Bristol
BS11 0YW
GBR",Lenham Storage Co. Ltd,21,513.04,370.8371428571428
"Popular Way West
Cabot park
Avonmouth
Bristol
BS11 0YW
GBR",Lenham Storage Co. Ltd,10,251.16,230.73142857142855
"Pour Costco France Parc du Hode Num Portuaire 552 Saint Vigor D'Ymonville 
76430Essonne
FRA",DHL Express Ltd,13,2250,640.1428571428571
"Quality Foods 34- 62 Staines Road Hounslow
Hounslow
TW3 3LZ
GBR",Hoddesdon Distribution Ltd,39,1140,912.8571428571428
"Queensway
Rochdale
OL11 2NU
GBR",Hoddesdon Distribution Ltd,19.92,1000,426.49285714285713
"Queensway
Rochdale
OL11 2NU
GBR",Shakespeare Transport Ltd,3,120.15,134.02142857142857
"Regional Distribution center 7502 Norman Road Belvedere
Bexley
DA17 6JY
GBR",Hoddesdon Distribution Ltd,69,1360,1214.857142857143
"Resturant Wholesale London Works Ripple Road
London
IG11 0SY
GBR",Hoddesdon Distribution Ltd,15,605,201.38571428571424
"Resturant Wholesale London Works Ripple Road
London
IG11 0SY
GBR",Shakespeare Transport Ltd,3,144.9,58.98571428571428
"Richmond Street
Birmingham
B70 0DD
GBR",Shakespeare Transport Ltd,3,120.15,29.45
"Rockingham Way Redhouse Interchange
Doncaster
DN6 7FB
GBR",Hoddesdon Distribution Ltd,207,4113,4245.999999999999
"Rockingham Way Redhouse Interchange
Doncaster
DN6 7FB
GBR",Salvatori Medway Ltd,4,186,94.42857142857143
"Rutherford Drive Park Farm
South Wellingborough
NN8 6AQ
GBR",Lenham Storage Co Ltd,55,1674.55,1626.7628571428568
"Rutherford Drive Park Farm
South Wellingborough
NN8 6AQ
GBR",Lenham Storage Co. Ltd,37,752.24,803.7157142857143
"Saladworks (A Division of Samworth Brothers Limited) Oak Spinney Park Ratby Lane Leicester Forest East
Leicester
LE3 3JZ
GBR",Hoddesdon Distribution Ltd,1,200,41.57142857142857
"Schaferhauser Str. 2/2
73240Wendlingen
DEU",Fercam Austria Gmbh,75,1930,1235.5714285714284
"Seafield Lane Beoley 
Worcestershire
Redditch 
B98 9DB
GBR",Hoddesdon Distribution Ltd,50,1215,980.1428571428571
"Sonali Supermarket Birmingham ltd Lozells Road
Birmingham
B192TN
GBR",Hoddesdon Distribution Ltd,15,607,345.2142857142857
"Sonali Supermarket Birmingham ltd Lozells Road
Birmingham
B192TN
GBR",Salvatori Medway Ltd,3,100.5,205.35714285714286
"South bridge way The Green
Southall
UB2 4AX
GBR",Hoddesdon Distribution Ltd,53.89,1602,1682
"Southbridge Way The Green
Southall
UB2 4AX
GBR",Shakespeare Transport Ltd,3,148.05,43.15
"Sparkbrook 
Birmingham
B11 1BH
GBR",Shakespeare Transport Ltd,3,120.15,15.285714285714286
"Steel Bright Road Off Rabone Lane Smethwick
Birmingham
B66 2NW
GBR",Shakespeare Transport Ltd,4,160.2,52.6
"Stonehouse Street Lithorpe
Middlesborough
TS5 6HR
GBR",Hoddesdon Distribution Ltd,3.01,330,138.67142857142858
"Stonehouse Street Lithorpe
Middlesborough
TS5 6HR
GBR",Salvatori Medway Ltd,3,115.5,235.67142857142855
"Stonehouse Street Lithorpe
Middlesborough
TS5 6HR
GBR",Shakespeare Transport Ltd,6.01,493.2,415.15714285714284
"T/A Al Amin Cash & Carry Unit 17 Page Road Sweetbriar Industrial Estate
Norwhich
NR3 2BX
GBR",Hoddesdon Distribution Ltd,5,255,56.857142857142854
"T/A IqbroUnit 3 C Button End Industrial Estate Button End
Harston
CB22 7GX
GBR",Hoddesdon Distribution Ltd,31,1220,1132.2
"T/A IqbroUnit 3 C Button End Industrial Estate Button End
Harston
CB22 7GX
GBR",Shakespeare Transport Ltd,2,82.2,161.74285714285716
"Trading as Quality Foods 49-61 South Road
Southall
UB1 1SQ
GBR",Hoddesdon Distribution Ltd,13,468,343.25714285714287
"Trading as Quality Foods 49-61 South Road
Southall
UB1 1SQ
GBR",Salvatori Medway Ltd,6,186,267.6
"Trading as Quality Foods 49-61 South Road
Southall
UB1 1SQ
GBR",Shakespeare Transport Ltd,18,860.7,654.5142857142857
"Unit 1 Cape Hill Retail Centre Smethwick
Brimingham
B66 4PH
GBR",Shakespeare Transport Ltd,2.99,360.45,126.55714285714288
"Unit 12- 13 Valley Road Business ParkValley Road
Keighley
BD21 4LZ
GBR",Hoddesdon Distribution Ltd,11,665,287.51428571428573
"Unit 12- 13 Valley Road Business ParkValley Road
Keighley
BD21 4LZ
GBR",Shakespeare Transport Ltd,6,240.3,271.5142857142857
"Unit 15 Hallsford Bridge Ind. Est Stondon Road
Ongar
CM5 9RB
GBR",Hoddesdon Distribution Ltd,3,125,74.94285714285715
"Unit 15 Hallsford Bridge Ind. Est Stondon Road
Ongar
CM5 9RB
GBR",Salvatori Medway Ltd,3,108,171.94285714285712
"Unit 15 Hallsford Bridge Ind. Est Stondon Road
Ongar
CM5 9RB
GBR",Shakespeare Transport Ltd,6,246.6,149.8857142857143
"Unit 1553 Lewisher Road
Leicester
LE4 9LR
GBR",Hoddesdon Distribution Ltd,27,1611,1086.4285714285716
"Unit 18 Brookfield Property Centre Brookfield Drive
Liverpool
L9 7AS
GBR",Hoddesdon Distribution Ltd,5,275,59.714285714285715
"Unit 19 Small HeathTrading Estate Armoury Road
Birmingham
B11 2RJ
GBR",Hoddesdon Distribution Ltd,4,162,74.18571428571428
"Unit 19 Small HeathTrading Estate Armoury Road
Birmingham
B11 2RJ
GBR",Shakespeare Transport Ltd,6,240.3,131.5142857142857
"Unit 1a & 1b Cambrian Business Park Derby Street 
Bolton
BL3 6JF
GBR",Hoddesdon Distribution Ltd,10,425,182.14285714285714
"Unit 1A Norton Park Russie Place
Edinburgh
EH7 5RS
GBR",Shakespeare Transport Ltd,6,333.3,71.9
"Unit 1a River Park Industrial Estate Billet Lane
Berkhamsted
HP4 1HL
GBR",Hoddesdon Distribution Ltd,8,320,86.57142857142857
"Unit 2 Cliffe Commercial Park Longyoyd Bridge
Huddersfield
HD1 3JD
GBR",Salvatori Medway Ltd,3,100.5,154.82857142857142
"Unit 2 Cliffe Commercial Park Longyoyd Bridge
Huddersfield
HD1 3JD
GBR",Shakespeare Transport Ltd,6,240.3,113.94285714285715
"Unit 2
Bedford Works
Lower Bedford Street

Stoke on Trent
ST4 7AF
GBR",Shakespeare Transport Ltd,3,120.15,36.73571428571428
"Unit 2, Derby Shopping Centre

Bolton
BL3 5BP
GBR",Hoddesdon Distribution Ltd,3,158,34.857142857142854
"Unit 2, Derby Shopping Centre

Bolton
BL3 5BP
GBR",Salvatori Medway Ltd,3,100.5,132.42857142857142
"UNIT 24 WHOLESALE FRUIT CENTRE 
CARDIFF, Wales
CF11 8BB
GBR",Hoddesdon Distribution Ltd,4,360,54.82857142857143
"UNIT 24 WHOLESALE FRUIT CENTRE 
CARDIFF, Wales
CF11 8BB
GBR",Shakespeare Transport Ltd,6,253.8,94.51428571428572
"UNIT 24
WHITESTONE BUSINESS PARK 

Middlesbrough
TS4 2ED
GBR",Hoddesdon Distribution Ltd,5.94,480,89
"Unit 2D Central Boulevard Prologis Park    Coventry
Coventry
CV6 4BX
GBR",Lenham Storage Co Ltd,426,8633.73,8191.914285714282
"Unit 2D Central Boulevard Prologis Park    Coventry
Coventry
CV6 4BX
GBR",Lenham Storage Co. Ltd,205,2301.14,2795.7557142857145
"Unit 5 A3 Approach Rima House Ripple Road 
Barking
IG11 0RH
GBR",Hoddesdon Distribution Ltd,65,770,853.5714285714286
"Unit 5 Riverside Way Uxbridge
WAYUXBRIDGE
UB8 2YF
GBR",Shakespeare Transport Ltd,2,98.7,19.142857142857142
"UNIT 5 RIVERSIDE Way
WAYUXBRIDGE
UB8 2YF
GBR",Hoddesdon Distribution Ltd,3,145,48.785714285714285
"UNIT 5 RIVERSIDE Way
WAYUXBRIDGE
UB8 2YF
GBR",Salvatori Medway Ltd,3,112.5,144.78571428571428
"unit 5, Trafalgar Trading Estate
82 Jeffreys Road
London
London
EN3 7TY
GBR",Hoddesdon Distribution Ltd,10,230,118.71428571428571
"Unit 6  Guardian Road Ind. Estate Guardian Road
Norwich
NP5 8PF
GBR",Hoddesdon Distribution Ltd,4,210,50.42857142857143
"Unit 6  Guardian Road Ind. Estate Guardian Road
Norwich
NR5 8PF
GBR",Hoddesdon Distribution Ltd,15,765,309.1285714285714
"Unit 6  Guardian Road Ind. Estate Guardian Road
Norwich
NR5 8PF
GBR",Shakespeare Transport Ltd,2,94.3,95.47142857142856
"Unit 6
Drome Road

Deeside
CH5 2NY
GBR",Hoddesdon Distribution Ltd,4,310,23.142857142857142
"Unit 6-8 Priestley WayForest Trading Estate
Walthamstow
E17 6AL
GBR",Hoddesdon Distribution Ltd,6,205,49.714285714285715
"Unit 7 Chiley Industrial Est Pump Lane
Hayes
UB3 3NB
GBR",Shakespeare Transport Ltd,3,148.05,34.00714285714286
"Unit 7A Odhams Trad EstSt Albans Road
Watford
WD24 7RY
GBR",Hoddesdon Distribution Ltd,6,274,99.14285714285714
"Unit 8 Midland Street Ardwick
Manchester
M12 6LB
GBR",Hoddesdon Distribution Ltd,4,225,67.87857142857142
"Unit 8 Midland Street Ardwick
Manchester
M12 6LB
GBR",Shakespeare Transport Ltd,3,120.15,59.449999999999996
"Unit 8198 Camford Way
Luton
LU33AN
GBR",Salvatori Medway Ltd,6,231,285.4714285714286
"Unit 8198 Camford Way
Luton
LU33AN
GBR",Shakespeare Transport Ltd,3,120.15,46.73571428571428
"Unit 9 Heston Industrial estate Aerodrome Way Cranford Lane
Heston
TW5 9QB
GBR",Hoddesdon Distribution Ltd,38,510,565.4285714285714
"Unit 910 River Road
Barking
IG11 ODG
GBR",Hoddesdon Distribution Ltd,31.02,860,599.7142857142857
"Unit A Trafalgar CentreBelfield Road
Rochdale
OL16 2UX
GBR",Hoddesdon Distribution Ltd,9,630,233.71428571428572
"Unit A Trafalgar CentreBelfield Road
Rochdale
OL16 2UX
GBR",Salvatori Medway Ltd,3,100.5,210.5
"Unit B Farmwell Lane Castlewood Business Park South Normanton
Alferton
NG17 1JF
GBR",Lenham Storage Co Ltd,61,2453.4,2495.824285714286
"Unit B Farmwell Lane Castlewood Business Park South Normanton
Alferton
NG17 1JF
GBR",Lenham Storage Co. Ltd,15,343.84,269.79285714285714
"Unit1 Dewsbury Road
Stoke on Trent
ST4 2HS
GBR",Shakespeare Transport Ltd,3,120.15,30.021428571428572
"Unit8 Anchor Business Park Featherstall Road North
Oldham
OL9 6AZ
GBR",Hoddesdon Distribution Ltd,21.96,1430,509.85714285714283
"Units 18-19 North Way Walworth Industrial Estate  Andover  Hants
Andover
SP10 5AZ
GBR",Hoddesdon Distribution Ltd,4,230,91.42857142857143
"Upper Thomas Street
Aston
Birmingham
B6 5AD
GBR",Hoddesdon Distribution Ltd,46,900,576.1428571428571
"Upper Thomas Street
Aston
Birmingham
B6 5AD
GBR",Salvatori Medway Ltd,3,100.5,112.57142857142857
"VIA LEA BRIDGE RD & ARGALL WAY
LEYTON
E10 7AS
GBR",Hoddesdon Distribution Ltd,11.79,434,246.01428571428573
"VIA LEA BRIDGE RD & ARGALL WAY
LEYTON
E10 7AS
GBR",Shakespeare Transport Ltd,6,347.4,153.34285714285716
"Wag Hardwick Grange
Willston
WA1 4RJ
GBR",Hoddesdon Distribution Ltd,52,3720,3717.1428571428573
"Waitrose National Dist Ctre Atkinson Way
Milton Keynes
MK17 8FF
GBR",Lenham Storage Co Ltd,2,51.68,215.80285714285716
"Waitrose National Dist Ctre Atkinson Way
Milton Keynes
MK17 8FF
GBR",Lenham Storage Co. Ltd,26,352.37,266.4542857142857
"Wakefield 41 Ind Est
Wakefield
WF2 0XF
GBR",Hoddesdon Distribution Ltd,676.26,14561,14677.142857142859
"Waldrist Way
Erith
DA18 4AG
GBR",Hoddesdon Distribution Ltd,4,196,60.285714285714285
"Waterton Industrial Estate Cowbridge Road 
Bridgend
CF31 3PH
GBR",Hoddesdon Distribution Ltd,10,720,148
"Welcome HouseGlover Street
Digbeth
B9 4EP
GBR",Hoddesdon Distribution Ltd,9,250,94
"Wembley Stadium Industrial Estate First Way
Wembley
HA9 0TU
GBR",Shakespeare Transport Ltd,5,263.25,98.5
"WimbergerGasse-5
AT-1070Vienna
AUT",Barron Wood Distribution Ltd,12.89,1095,397.85714285714283
"Wincanton Elton Head oad
St Helens
WA9 5AX
GBR",Lenham Storage Co Ltd,63,2447.54,2352.307142857143
"Wincanton Elton Head oad
St Helens
WA9 5AX
GBR",Lenham Storage Co. Ltd,23,736.39,828.6957142857142
"Windmill Lane
Southall
UB2 4NA
GBR",Hoddesdon Distribution Ltd,203,3215,3333.5714285714294
